"운행일자","호선ID","호선","역ID","역","승차시간구분","30분시간구간ID","승차총승객수","하차총승객수"
"2014-05-21","206","6호선","2626","대흥","21:00:00~21:59:59","30",110,143
"2015-01-15","208","8호선","2826","수진","22:00:00~22:59:59","00",69,165
"2014-07-18","206","6호선","2647","화랑대","17:00:00~17:59:59","30",544,414
"2015-01-19","206","6호선","2633","버티고개","12:00:00~12:59:59","00",59,46
"2014-06-18","002","2호선","0247","도림천","09:00:00~09:59:59","30",35,67
"2015-05-08","206","6호선","2617","새절","11:00:00~11:59:59","30",260,122
"2014-12-08","205","5호선","2534","광화문","22:00:00~22:59:59","30",977,175
"2014-02-16","208","8호선","2814","몽촌토성","16:00:00~16:59:59","00",240,218
"2014-02-03","002","2호선","0213","구의","05:00:00~05:59:59","00",116,0
"2014-08-01","002","2호선","0237","당산","21:00:00~21:59:59","00",320,475
"2015-04-30","207","7호선","2741","상도","11:00:00~11:59:59","30",370,220
"2014-07-03","004","4호선","0412","창동","20:00:00~20:59:59","00",457,1439
"2015-06-02","208","8호선","2816","석촌","11:00:00~11:59:59","00",228,135
"2015-05-16","003","3호선","0318","안국","13:00:00~13:59:59","30",592,1330
"2015-07-03","208","8호선","2812","천호","06:00:00~06:59:59","30",592,235
"2015-09-22","002","2호선","0243","충정로","00:00:00~00:59:59","00",23,108
"2015-08-23","002","2호선","0209","한양대","18:00:00~18:59:59","00",374,157
"2015-03-02","001","1호선","0151","시청","12:00:00~12:59:59","00",472,571
"2014-02-01","205","5호선","2538","청구","07:00:00~07:59:59","30",33,21
"2015-07-19","401","9호선","4112","선유도","20:00:00~20:59:59","00",163,188
"2015-07-23","004","4호선","0410","상계","14:00:00~14:59:59","30",355,417
"2015-07-05","207","7호선","2753","까치울","19:00:00~19:59:59","00",123,464
"2015-05-13","003","3호선","0329","고속터미널","14:00:00~14:59:59","00",1760,2659
"2014-11-16","003","3호선","0313","녹번","09:00:00~09:59:59","30",690,281
"2015-04-26","208","8호선","2820","장지","06:00:00~06:59:59","00",155,364
"2015-02-24","205","5호선","2513","김포공항","23:00:00~23:59:59","30",66,14
"2014-11-02","207","7호선","2733","학동","08:00:00~08:59:59","00",321,3390
"2015-06-10","003","3호선","0331","남부터미널","21:00:00~21:59:59","00",1164,486
"2015-01-27","206","6호선","2636","신당","05:00:00~05:59:59","30",31,12
"2015-04-10","004","4호선","0424","명동","08:00:00~08:59:59","00",225,3009
"2014-11-05","401","9호선","4125","신논현","20:00:00~20:59:59","30",514,404
"2014-02-11","206","6호선","2633","버티고개","05:00:00~05:59:59","30",29,6
"2014-08-13","206","6호선","2611","응암","20:00:00~20:59:59","00",187,501
"2015-01-02","205","5호선","2541","왕십리(성동구청)","19:00:00~19:59:59","00",280,350
"2014-05-26","206","6호선","2642","월곡","14:00:00~14:59:59","00",285,208
"2014-11-21","205","5호선","2517","우장산","14:00:00~14:59:59","00",277,348
"2014-09-29","002","2호선","0220","선릉","10:00:00~10:59:59","00",315,635
"2015-10-29","207","7호선","2735","반포","07:00:00~07:59:59","30",283,397
"2015-01-15","401","9호선","4108","증미","00:00:00~00:59:59","00",17,57
"2014-06-12","206","6호선","2646","태릉입구","18:00:00~18:59:59","30",71,203
"2015-04-05","205","5호선","2546","아차산","23:00:00~23:59:59","00",70,251
"2014-08-22","002","2호선","0211","성수","12:00:00~12:59:59","30",459,502
"2015-02-21","205","5호선","2543","답십리","05:00:00~05:59:59","30",277,25
"2014-08-27","207","7호선","2746","대림","14:00:00~14:59:59","30",288,281
"2014-12-08","207","7호선","2729","건대입구","07:00:00~07:59:59","00",294,336
"2015-08-04","207","7호선","2756","신중동","21:00:00~21:59:59","00",353,495
"2014-07-18","003","3호선","0329","고속터미널","00:00:00~00:59:59","30",3,3
"2014-12-30","207","7호선","2743","신대방삼거리","09:00:00~09:59:59","00",461,289
"2015-07-19","207","7호선","2757","부천시청","15:00:00~15:59:59","00",418,299
"2014-08-24","002","2호선","0201","시청","08:00:00~08:59:59","30",113,452
"2015-02-12","001","1호선","0157","제기동","19:00:00~19:59:59","00",632,476
"2014-12-03","205","5호선","2515","마곡","09:00:00~09:59:59","00",203,30
"2014-06-16","003","3호선","0318","안국","08:00:00~08:59:59","00",246,2087
"2015-08-02","002","2호선","0249","신정네거리","14:00:00~14:59:59","00",253,234
"2014-04-27","404","9호선2단계","4128","삼성중앙","06:00:00~06:59:59","30",33,32
"2014-08-18","404","9호선2단계","4129","봉은사","10:00:00~10:59:59","00",119,359
"2015-09-11","002","2호선","0206","신당","17:00:00~17:59:59","30",625,574
"2015-08-07","205","5호선","2543","답십리","07:00:00~07:59:59","00",1106,229
"2014-10-14","205","5호선","2535","종로3가","07:00:00~07:59:59","00",66,226
"2015-06-19","206","6호선","2622","망원","15:00:00~15:59:59","30",304,387
"2014-01-29","205","5호선","2555","둔촌동","10:00:00~10:59:59","00",365,204
"2014-07-01","002","2호선","0203","을지로3가","05:00:00~05:59:59","30",28,57
"2015-04-12","002","2호선","0212","건대입구","17:00:00~17:59:59","30",1460,2059
"2014-10-23","206","6호선","2632","한강진","05:00:00~05:59:59","30",13,23
"2014-06-24","206","6호선","2634","약수","15:00:00~15:59:59","30",120,94
"2014-07-19","208","8호선","2823","남한산성입구","17:00:00~17:59:59","00",564,471
"2014-06-09","205","5호선","2535","종로3가","07:00:00~07:59:59","30",86,538
"2014-10-29","208","8호선","2818","가락시장","21:00:00~21:59:59","30",179,156
"2014-03-09","205","5호선","2524","영등포구청","07:00:00~07:59:59","30",208,152
"2014-11-20","208","8호선","2813","강동구청","12:00:00~12:59:59","30",240,211
"2014-11-17","002","2호선","0239","홍대입구","13:00:00~13:59:59","30",1253,1868
"2014-11-18","206","6호선","2619","디지털미디어시티","15:00:00~15:59:59","00",224,275
"2015-03-12","401","9호선","4124","사평","14:00:00~14:59:59","00",58,67
"2015-08-20","401","9호선","4110","염창","15:00:00~15:59:59","30",317,337
"2015-01-03","206","6호선","2639","보문","08:00:00~08:59:59","00",1084,439
"2015-06-23","404","9호선2단계","4126","언주","12:00:00~12:59:59","00",130,132
"2014-05-07","004","4호선","0412","창동","18:00:00~18:59:59","00",1039,1181
"2015-09-13","002","2호선","0221","역삼","17:00:00~17:59:59","30",2999,1095
"2015-10-16","207","7호선","2721","중화","08:00:00~08:59:59","30",852,592
"2014-08-28","003","3호선","0330","교대","00:00:00~00:59:59","00",84,31
"2014-11-10","401","9호선","4107","가양","22:00:00~22:59:59","30",173,790
"2015-03-27","002","2호선","0221","역삼","08:00:00~08:59:59","30",243,744
"2015-08-13","206","6호선","2618","증산","00:00:00~00:59:59","00",28,194
"2014-09-05","206","6호선","2627","공덕","09:00:00~09:59:59","00",274,219
"2014-04-13","401","9호선","4112","선유도","10:00:00~10:59:59","00",129,163
"2014-07-13","205","5호선","2547","광나루","09:00:00~09:59:59","30",523,428
"2015-04-05","207","7호선","2715","노원","20:00:00~20:59:59","00",674,796
"2015-10-14","001","1호선","0153","종로3가","08:00:00~08:59:59","30",191,881
"2014-10-07","205","5호선","2522","오목교","16:00:00~16:59:59","30",793,996
"2014-02-21","003","3호선","0311","연신내","17:00:00~17:59:59","00",1097,1531
"2014-07-15","401","9호선","4119","흑석(중앙대입구)","06:00:00~06:59:59","30",66,54
"2015-06-20","003","3호선","0339","수서","13:00:00~13:59:59","30",331,262
"2015-02-24","002","2호선","0224","서초","21:00:00~21:59:59","00",839,292
"2014-11-14","002","2호선","0226","사당","21:00:00~21:59:59","00",1535,1412
"2014-06-03","004","4호선","0432","총신대입구","09:00:00~09:59:59","30",821,691
"2015-06-08","003","3호선","0312","불광","15:00:00~15:59:59","00",516,516
"2015-09-17","208","8호선","2827","모란","21:00:00~21:59:59","30",73,49
"2014-12-06","002","2호선","0218","종합운동장","21:00:00~21:59:59","00",282,388
"2014-11-05","004","4호선","0432","총신대입구","10:00:00~10:59:59","30",673,478
"2014-05-01","401","9호선","4102","김포공항","13:00:00~13:59:59","00",240,369
"2014-05-01","205","5호선","2537","동대문역사문화공원","11:00:00~11:59:59","00",161,59
"2015-08-16","207","7호선","2726","중곡","20:00:00~20:59:59","00",114,215
"2014-10-07","002","2호선","0202","을지로입구","06:00:00~06:59:59","00",60,501
"2014-01-17","207","7호선","2753","까치울","21:00:00~21:59:59","30",97,165
"2014-03-02","004","4호선","0421","동대문","15:00:00~15:59:59","30",1483,824
"2014-01-14","002","2호선","0227","낙성대","19:00:00~19:59:59","00",1255,1928
"2014-05-23","206","6호선","2632","한강진","15:00:00~15:59:59","00",181,83
"2014-01-19","206","6호선","2632","한강진","09:00:00~09:59:59","00",70,571
"2015-06-27","207","7호선","2753","까치울","18:00:00~18:59:59","30",192,380
"2014-06-10","206","6호선","2648","봉화산(서울의료원)","19:00:00~19:59:59","30",104,645
"2014-12-17","002","2호선","0210","뚝섬","23:00:00~23:59:59","30",37,247
"2015-08-30","003","3호선","0341","경찰병원","23:00:00~23:59:59","00",41,197
"2014-09-28","002","2호선","0234","신도림","20:00:00~20:59:59","30",1586,1935
"2015-04-23","401","9호선","4117","노량진","13:00:00~13:59:59","30",878,892
"2014-11-27","208","8호선","2811","암사","16:00:00~16:59:59","30",358,528
"2014-02-07","401","9호선","4123","고속터미널","15:00:00~15:59:59","00",490,453
"2015-08-20","404","9호선2단계","4130","종합운동장","12:00:00~12:59:59","30",84,59
"2014-03-26","002","2호선","0226","사당","13:00:00~13:59:59","30",1125,1084
"2014-05-06","003","3호선","0314","홍제","00:00:00~00:59:59","30",2,93
"2015-03-02","208","8호선","2823","남한산성입구","20:00:00~20:59:59","30",123,383
"2015-05-13","206","6호선","2613","불광","05:00:00~05:59:59","30",62,9
"2014-07-29","206","6호선","2614","독바위","14:00:00~14:59:59","30",66,48
"2015-04-25","002","2호선","0248","양천구청","22:00:00~22:59:59","30",48,273
"2015-09-14","206","6호선","2622","망원","15:00:00~15:59:59","00",280,317
"2015-02-25","206","6호선","2627","공덕","13:00:00~13:59:59","30",419,455
"2015-04-22","002","2호선","0205","동대문역사문화공원","18:00:00~18:59:59","00",1205,576
"2015-05-13","002","2호선","0241","이대","20:00:00~20:59:59","00",772,459
"2015-07-23","206","6호선","2644","돌곶이","11:00:00~11:59:59","00",277,138
"2014-05-31","207","7호선","2714","마들","12:00:00~12:59:59","30",472,286
"2014-04-23","401","9호선","4125","신논현","06:00:00~06:59:59","30",140,211
"2015-08-06","206","6호선","2632","한강진","10:00:00~10:59:59","00",66,190
"2015-04-07","205","5호선","2522","오목교","05:00:00~05:59:59","30",174,81
"2014-02-10","401","9호선","4117","노량진","08:00:00~08:59:59","30",509,747
"2015-05-19","002","2호선","0229","봉천","22:00:00~22:59:59","30",226,911
"2014-09-23","207","7호선","2717","하계","13:00:00~13:59:59","30",523,470
"2014-12-10","206","6호선","2647","화랑대","11:00:00~11:59:59","00",297,197
"2014-08-21","207","7호선","2716","중계","18:00:00~18:59:59","30",299,567
"2014-06-23","205","5호선","2528","여의나루","22:00:00~22:59:59","00",478,121
"2014-01-14","206","6호선","2624","상수","08:00:00~08:59:59","30",77,75
"2014-05-03","205","5호선","2552","명일","14:00:00~14:59:59","00",191,220
"2014-04-07","205","5호선","2521","목동","15:00:00~15:59:59","00",445,513
"2015-03-25","207","7호선","2714","마들","09:00:00~09:59:59","00",362,76
"2015-06-19","205","5호선","2535","종로3가","19:00:00~19:59:59","30",657,359
"2014-10-11","206","6호선","2645","석계","05:00:00~05:59:59","30",210,79
"2014-12-29","207","7호선","2717","하계","00:00:00~00:59:59","30",13,108
"2015-07-09","001","1호선","0155","동대문","13:00:00~13:59:59","00",413,511
"2014-08-06","207","7호선","2743","신대방삼거리","11:00:00~11:59:59","00",330,207
"2015-09-25","205","5호선","2542","마장","05:00:00~05:59:59","30",103,19
"2015-03-18","207","7호선","2719","태릉입구","00:00:00~00:59:59","00",19,83
"2014-10-08","401","9호선","4104","신방화","18:00:00~18:59:59","00",246,359
"2014-05-28","401","9호선","4109","등촌","10:00:00~10:59:59","00",330,316
"2014-11-10","002","2호선","0236","영등포구청","01:00:00~01:59:59","00",0,4
"2015-08-11","206","6호선","2623","합정","12:00:00~12:59:59","30",251,270
"2014-11-24","208","8호선","2822","산성","22:00:00~22:59:59","30",23,404
"2015-06-26","207","7호선","2733","학동","22:00:00~22:59:59","00",990,204
"2015-01-03","404","9호선2단계","4126","언주","00:00:00~00:59:59","00",0,8
"2014-08-09","206","6호선","2619","디지털미디어시티","05:00:00~05:59:59","30",198,78
"2014-03-20","205","5호선","2528","여의나루","06:00:00~06:59:59","00",58,139
"2015-01-10","207","7호선","2733","학동","10:00:00~10:59:59","00",271,1260
"2014-01-17","401","9호선","4116","샛강","14:00:00~14:59:59","30",141,121
"2014-04-08","205","5호선","2557","방이","12:00:00~12:59:59","00",181,146
"2015-10-04","002","2호선","0245","신답","08:00:00~08:59:59","00",223,33
"2015-03-18","205","5호선","2542","마장","13:00:00~13:59:59","30",162,186
"2015-07-02","207","7호선","2758","상동","14:00:00~14:59:59","00",301,312
"2015-01-12","003","3호선","0324","금호","14:00:00~14:59:59","30",169,206
"2014-01-08","001","1호선","0156","신설동","05:00:00~05:59:59","30",135,82
"2014-01-02","002","2호선","0217","신천","05:00:00~05:59:59","00",63,0
"2015-06-11","002","2호선","0236","영등포구청","07:00:00~07:59:59","30",1303,1394
"2014-02-25","207","7호선","2737","내방","11:00:00~11:59:59","00",182,167
"2014-09-02","206","6호선","2612","역촌","18:00:00~18:59:59","00",124,225
"2015-06-28","003","3호선","0309","지축","23:00:00~23:59:59","30",0,16
"2014-07-02","003","3호선","0324","금호","21:00:00~21:59:59","30",86,187
"2015-06-01","404","9호선2단계","4126","언주","10:00:00~10:59:59","30",122,227
"2014-12-23","208","8호선","2824","단대오거리","06:00:00~06:59:59","00",226,84
"2014-07-15","207","7호선","2713","수락산","22:00:00~22:59:59","00",132,555
"2015-01-12","205","5호선","2518","화곡","10:00:00~10:59:59","00",743,338
"2015-06-01","206","6호선","2611","응암","09:00:00~09:59:59","30",662,300
"2014-06-24","001","1호선","0158","청량리(지하)","08:00:00~08:59:59","00",629,560
"2015-01-18","207","7호선","2723","면목","05:00:00~05:59:59","30",281,35
"2015-04-26","003","3호선","0331","남부터미널","08:00:00~08:59:59","00",401,705
"2014-09-08","003","3호선","0333","매봉","12:00:00~12:59:59","30",285,208
"2014-10-14","001","1호선","0157","제기동","00:00:00~00:59:59","00",1,49
"2014-03-16","205","5호선","2524","영등포구청","00:00:00~00:59:59","00",8,20
"2014-09-15","003","3호선","0311","연신내","07:00:00~07:59:59","30",4309,728
"2014-02-09","206","6호선","2643","상월곡","16:00:00~16:59:59","30",225,233
"2014-11-07","003","3호선","0309","지축","20:00:00~20:59:59","30",10,66
"2014-10-25","206","6호선","2621","마포구청","08:00:00~08:59:59","00",1347,640
"2015-08-03","207","7호선","2736","고속터미널","14:00:00~14:59:59","30",858,808
"2015-09-05","003","3호선","0309","지축","23:00:00~23:59:59","30",5,12
"2014-11-15","001","1호선","0159","동묘앞","01:00:00~01:59:59","00",0,3
"2014-05-07","404","9호선2단계","4129","봉은사","14:00:00~14:59:59","30",268,283
"2014-10-20","207","7호선","2730","뚝섬유원지","05:00:00~05:59:59","30",142,26
"2014-08-10","003","3호선","0338","일원","12:00:00~12:59:59","00",338,321
"2014-02-14","401","9호선","4117","노량진","22:00:00~22:59:59","30",950,887
"2015-09-20","401","9호선","4101","개화","10:00:00~10:59:59","30",174,72
"2015-10-11","205","5호선","2553","고덕","21:00:00~21:59:59","00",116,247
"2015-05-08","208","8호선","2814","몽촌토성","13:00:00~13:59:59","00",159,153
"2014-06-29","208","8호선","2827","모란","12:00:00~12:59:59","00",203,239
"2015-05-24","003","3호선","0309","지축","08:00:00~08:59:59","30",137,31
"2014-04-23","401","9호선","4123","고속터미널","07:00:00~07:59:59","00",334,308
"2014-05-15","404","9호선2단계","4127","선정릉","14:00:00~14:59:59","30",147,130
"2015-08-16","208","8호선","2816","석촌","09:00:00~09:59:59","30",225,229
"2014-07-12","207","7호선","2732","강남구청","05:00:00~05:59:59","30",42,59
"2014-02-16","404","9호선2단계","4129","봉은사","07:00:00~07:59:59","00",45,78
"2015-02-16","207","7호선","2726","중곡","12:00:00~12:59:59","00",266,153
"2015-05-17","206","6호선","2648","봉화산(서울의료원)","15:00:00~15:59:59","30",166,221
"2015-07-05","003","3호선","0323","약수","05:00:00~05:59:59","30",175,45
"2014-06-12","002","2호선","0249","신정네거리","14:00:00~14:59:59","00",256,209
"2015-03-24","401","9호선","4105","마곡나루","07:00:00~07:59:59","30",255,28
"2015-06-19","205","5호선","2527","여의도","17:00:00~17:59:59","00",1191,487
"2014-10-09","205","5호선","2524","영등포구청","14:00:00~14:59:59","00",117,105
"2015-10-26","004","4호선","0422","동대문역사문화공원","17:00:00~17:59:59","00",1297,659
"2014-02-02","003","3호선","0331","남부터미널","14:00:00~14:59:59","00",906,827
"2015-05-30","208","8호선","2811","암사","19:00:00~19:59:59","30",258,1141
"2014-02-26","002","2호선","0250","용두","20:00:00~20:59:59","30",16,31
"2014-05-13","002","2호선","0210","뚝섬","18:00:00~18:59:59","00",1608,658
"2014-03-03","002","2호선","0226","사당","05:00:00~05:59:59","00",130,1
"2015-02-01","205","5호선","2543","답십리","05:00:00~05:59:59","30",340,24
"2014-10-05","205","5호선","2513","김포공항","12:00:00~12:59:59","30",203,309
"2015-03-20","207","7호선","2756","신중동","00:00:00~00:59:59","30",11,202
"2014-04-26","002","2호선","0239","홍대입구","21:00:00~21:59:59","30",3889,2069
"2014-11-17","205","5호선","2513","김포공항","16:00:00~16:59:59","00",232,159
"2014-09-10","207","7호선","2730","뚝섬유원지","05:00:00~05:59:59","30",79,16
"2015-01-16","002","2호선","0223","교대","18:00:00~18:59:59","30",2771,1961
"2014-02-24","207","7호선","2743","신대방삼거리","11:00:00~11:59:59","30",349,260
"2014-11-26","404","9호선2단계","4130","종합운동장","22:00:00~22:59:59","00",73,69
"2015-10-14","003","3호선","0309","지축","13:00:00~13:59:59","00",41,26
"2015-10-15","002","2호선","0203","을지로3가","21:00:00~21:59:59","30",281,106
"2014-01-02","206","6호선","2648","봉화산(서울의료원)","09:00:00~09:59:59","30",349,136
"2015-02-02","002","2호선","0233","대림","16:00:00~16:59:59","00",756,913
"2014-08-02","004","4호선","0424","명동","23:00:00~23:59:59","30",320,138
"2015-04-01","004","4호선","0427","숙대입구","20:00:00~20:59:59","00",398,284
"2014-02-04","003","3호선","0326","압구정","14:00:00~14:59:59","00",982,1061
"2014-12-30","207","7호선","2741","상도","13:00:00~13:59:59","00",305,204
"2014-06-29","205","5호선","2550","길동","16:00:00~16:59:59","00",160,264
"2014-04-13","207","7호선","2727","군자","08:00:00~08:59:59","00",1514,533
"2014-10-30","205","5호선","2547","광나루","20:00:00~20:59:59","00",288,487
"2014-01-06","002","2호선","0220","선릉","00:00:00~00:59:59","00",1,8
"2014-03-23","206","6호선","2618","증산","00:00:00~00:59:59","30",1,47
"2015-02-15","002","2호선","0226","사당","21:00:00~21:59:59","30",1613,1196
"2014-04-03","401","9호선","4122","신반포","10:00:00~10:59:59","30",56,177
"2015-04-15","002","2호선","0208","왕십리(성동구청)","23:00:00~23:59:59","00",542,341
"2015-05-20","207","7호선","2715","노원","23:00:00~23:59:59","00",226,305
"2014-09-27","004","4호선","0418","성신여대입구","07:00:00~07:59:59","00",1269,363
"2014-01-15","206","6호선","2629","삼각지","09:00:00~09:59:59","00",273,293
"2015-04-14","205","5호선","2515","마곡","16:00:00~16:59:59","00",75,79
"2015-03-08","002","2호선","0223","교대","07:00:00~07:59:59","30",779,2318
"2015-03-11","001","1호선","0158","청량리(지하)","00:00:00~00:59:59","00",27,245
"2015-02-08","207","7호선","2749","철산","05:00:00~05:59:59","00",103,0
"2014-01-09","207","7호선","2732","강남구청","07:00:00~07:59:59","30",248,911
"2014-03-28","208","8호선","2823","남한산성입구","20:00:00~20:59:59","00",289,523
"2014-08-15","004","4호선","0421","동대문","19:00:00~19:59:59","30",832,712
"2014-09-25","002","2호선","0222","강남","23:00:00~23:59:59","30",1609,603
"2015-09-12","002","2호선","0212","건대입구","14:00:00~14:59:59","30",1122,1488
"2014-05-30","206","6호선","2629","삼각지","00:00:00~00:59:59","00",25,25
"2014-12-03","207","7호선","2730","뚝섬유원지","16:00:00~16:59:59","00",440,295
"2015-10-05","208","8호선","2812","천호","18:00:00~18:59:59","30",806,1639
"2014-12-28","208","8호선","2821","복정","22:00:00~22:59:59","00",95,58
"2015-10-24","207","7호선","2756","신중동","10:00:00~10:59:59","30",298,295
"2014-04-01","207","7호선","2730","뚝섬유원지","11:00:00~11:59:59","00",213,125
"2015-01-19","003","3호선","0336","학여울","10:00:00~10:59:59","00",55,52
"2014-03-30","206","6호선","2640","안암","16:00:00~16:59:59","30",889,332
"2014-03-11","002","2호선","0227","낙성대","04:00:00~04:59:59","30",1,0
"2014-09-29","002","2호선","0245","신답","13:00:00~13:59:59","00",30,32
"2015-02-15","206","6호선","2631","이태원","18:00:00~18:59:59","00",709,753
"2014-10-04","205","5호선","2514","송정","00:00:00~00:59:59","30",10,62
"2015-04-04","003","3호선","0315","무악재","07:00:00~07:59:59","30",500,55
"2014-11-22","208","8호선","2815","잠실","08:00:00~08:59:59","00",234,1082
"2015-04-24","003","3호선","0324","금호","08:00:00~08:59:59","00",226,75
"2015-09-26","003","3호선","0342","오금","22:00:00~22:59:59","00",71,210
"2014-07-11","206","6호선","2613","불광","17:00:00~17:59:59","00",219,195
"2014-01-14","004","4호선","0423","충무로","00:00:00~00:59:59","30",39,66
"2014-03-10","001","1호선","0159","동묘앞","19:00:00~19:59:59","00",203,84
"2014-04-30","002","2호선","0238","합정","00:00:00~00:59:59","00",13,246
"2015-02-14","205","5호선","2548","천호","19:00:00~19:59:59","30",721,1040
"2014-12-09","207","7호선","2728","어린이대공원","21:00:00~21:59:59","30",555,313
"2014-12-07","401","9호선","4111","신목동","23:00:00~23:59:59","30",19,84
"2014-06-21","004","4호선","0411","노원","16:00:00~16:59:59","00",600,745
"2015-10-23","207","7호선","2720","먹골","00:00:00~00:59:59","00",0,38
"2014-03-03","206","6호선","2630","녹사평(용산구청)","21:00:00~21:59:59","30",274,120
"2014-02-15","003","3호선","0309","지축","09:00:00~09:59:59","00",93,47
"2015-05-27","002","2호선","0205","동대문역사문화공원","17:00:00~17:59:59","00",860,546
"2014-09-16","206","6호선","2638","창신","18:00:00~18:59:59","00",56,63
"2014-10-09","401","9호선","4122","신반포","13:00:00~13:59:59","30",74,72
"2015-01-30","002","2호선","0202","을지로입구","04:00:00~04:59:59","30",7,0
"2014-09-06","208","8호선","2812","천호","18:00:00~18:59:59","00",855,1068
"2015-10-26","207","7호선","2737","내방","05:00:00~05:59:59","30",82,66
"2014-04-02","401","9호선","4105","마곡나루","15:00:00~15:59:59","30",26,29
"2014-10-06","207","7호선","2758","상동","20:00:00~20:59:59","00",416,296
"2015-09-14","002","2호선","0236","영등포구청","15:00:00~15:59:59","30",359,284
"2014-08-17","205","5호선","2532","충정로","05:00:00~05:59:59","00",20,0
"2014-03-14","002","2호선","0226","사당","07:00:00~07:59:59","30",2138,1810
"2015-02-03","206","6호선","2624","상수","20:00:00~20:59:59","30",315,153
"2014-09-06","206","6호선","2641","고려대","19:00:00~19:59:59","30",252,501
"2015-03-08","205","5호선","2550","길동","05:00:00~05:59:59","00",41,1
"2015-05-24","205","5호선","2551","굽은다리","05:00:00~05:59:59","30",185,14
"2015-04-12","004","4호선","0424","명동","19:00:00~19:59:59","30",1871,938
"2015-06-28","003","3호선","0323","약수","23:00:00~23:59:59","00",193,295
"2015-01-26","003","3호선","0340","가락시장","00:00:00~00:59:59","00",30,53
"2015-09-28","205","5호선","2543","답십리","08:00:00~08:59:59","00",485,263
"2014-03-29","003","3호선","0333","매봉","12:00:00~12:59:59","00",233,262
"2014-07-01","002","2호선","0215","잠실나루","17:00:00~17:59:59","30",825,671
"2015-06-21","206","6호선","2642","월곡","21:00:00~21:59:59","30",211,467
"2015-07-16","207","7호선","2734","논현","05:00:00~05:59:59","00",57,0
"2014-10-22","206","6호선","2622","망원","12:00:00~12:59:59","00",227,215
"2014-05-29","004","4호선","0412","창동","09:00:00~09:59:59","00",1476,696
"2014-10-07","004","4호선","0431","동작","16:00:00~16:59:59","00",90,108
"2014-10-01","004","4호선","0413","쌍문","17:00:00~17:59:59","00",662,1125
"2014-07-19","205","5호선","2548","천호","19:00:00~19:59:59","30",696,1048
"2014-01-08","205","5호선","2553","고덕","12:00:00~12:59:59","00",320,165
"2015-09-26","205","5호선","2524","영등포구청","16:00:00~16:59:59","00",46,36
"2014-10-18","207","7호선","2724","사가정","16:00:00~16:59:59","30",402,623
"2015-04-15","205","5호선","2537","동대문역사문화공원","21:00:00~21:59:59","30",102,35
"2015-06-15","207","7호선","2747","남구로","10:00:00~10:59:59","00",378,320
"2015-07-22","205","5호선","2531","애오개","11:00:00~11:59:59","30",157,86
"2015-02-28","003","3호선","0315","무악재","12:00:00~12:59:59","30",140,80
"2015-04-18","401","9호선","4106","양천향교","11:00:00~11:59:59","30",147,118
"2014-06-14","401","9호선","4116","샛강","00:00:00~00:59:59","00",25,20
"2015-02-15","004","4호선","0425","회현","00:00:00~00:59:59","30",7,10
"2015-01-04","004","4호선","0417","길음","22:00:00~22:59:59","30",331,920
"2014-08-01","004","4호선","0417","길음","11:00:00~11:59:59","00",683,718
"2015-07-29","002","2호선","0210","뚝섬","16:00:00~16:59:59","00",312,212
"2014-08-06","003","3호선","0340","가락시장","18:00:00~18:59:59","00",519,511
"2014-11-16","205","5호선","2552","명일","10:00:00~10:59:59","00",306,130
"2015-02-28","002","2호선","0244","용답","22:00:00~22:59:59","30",17,103
"2015-06-04","207","7호선","2728","어린이대공원","12:00:00~12:59:59","00",307,715
"2014-06-22","206","6호선","2645","석계","15:00:00~15:59:59","30",259,356
"2014-04-08","002","2호선","0201","시청","06:00:00~06:59:59","30",46,578
"2015-10-06","003","3호선","0336","학여울","12:00:00~12:59:59","30",124,164
"2015-06-01","207","7호선","2725","용마산","23:00:00~23:59:59","00",23,131
"2015-03-26","207","7호선","2758","상동","18:00:00~18:59:59","00",623,620
"2015-04-16","205","5호선","2517","우장산","13:00:00~13:59:59","30",351,375
"2015-04-04","205","5호선","2545","군자","21:00:00~21:59:59","00",212,382
"2014-02-25","207","7호선","2750","광명사거리","06:00:00~06:59:59","30",399,220
"2014-05-08","205","5호선","2526","신길","12:00:00~12:59:59","30",62,69
"2015-10-17","207","7호선","2750","광명사거리","23:00:00~23:59:59","30",82,550
"2015-10-09","208","8호선","2818","가락시장","15:00:00~15:59:59","00",184,209
"2014-12-10","206","6호선","2631","이태원","12:00:00~12:59:59","00",240,488
"2015-01-26","207","7호선","2760","굴포천","23:00:00~23:59:59","00",54,146
"2014-03-08","206","6호선","2638","창신","06:00:00~06:59:59","00",32,31
"2015-04-14","003","3호선","0340","가락시장","08:00:00~08:59:59","30",485,503
"2014-10-03","401","9호선","4114","국회의사당","23:00:00~23:59:59","30",86,25
"2015-03-04","205","5호선","2513","김포공항","22:00:00~22:59:59","30",184,42
"2015-10-30","001","1호선","0157","제기동","23:00:00~23:59:59","30",48,79
"2014-10-11","004","4호선","0410","상계","08:00:00~08:59:59","30",1742,469
"2014-11-19","002","2호선","0218","종합운동장","09:00:00~09:59:59","00",563,519
"2014-12-24","003","3호선","0315","무악재","05:00:00~05:59:59","00",16,0
"2015-03-03","004","4호선","0420","혜화","10:00:00~10:59:59","30",756,1288
"2014-06-02","401","9호선","4117","노량진","23:00:00~23:59:59","00",680,708
"2015-01-10","002","2호선","0244","용답","20:00:00~20:59:59","00",31,101
"2015-01-08","002","2호선","0204","을지로4가","08:00:00~08:59:59","00",41,87
"2014-03-07","004","4호선","0411","노원","18:00:00~18:59:59","00",959,1581
"2014-02-15","002","2호선","0219","삼성","16:00:00~16:59:59","00",2481,1486
"2014-11-13","207","7호선","2720","먹골","17:00:00~17:59:59","00",179,296
"2015-05-28","003","3호선","0325","옥수","10:00:00~10:59:59","30",267,171
"2015-08-15","002","2호선","0232","구로디지털단지","08:00:00~08:59:59","00",5463,5554
"2015-06-28","205","5호선","2544","장한평","19:00:00~19:59:59","00",1134,1121
"2015-01-22","003","3호선","0341","경찰병원","11:00:00~11:59:59","00",236,137
"2015-08-14","001","1호선","0159","동묘앞","16:00:00~16:59:59","00",484,344
"2014-09-11","205","5호선","2529","마포","16:00:00~16:59:59","30",413,431
"2014-09-19","401","9호선","4109","등촌","05:00:00~05:59:59","00",18,1
"2015-06-18","205","5호선","2533","서대문","11:00:00~11:59:59","30",269,328
"2014-09-23","207","7호선","2726","중곡","16:00:00~16:59:59","00",361,385
"2015-03-18","004","4호선","0416","미아사거리","16:00:00~16:59:59","00",875,1052
"2015-03-10","205","5호선","2546","아차산","06:00:00~06:59:59","00",294,103
"2015-04-26","002","2호선","0202","을지로입구","06:00:00~06:59:59","00",66,496
"2015-02-25","401","9호선","4125","신논현","21:00:00~21:59:59","30",757,495
"2015-10-21","207","7호선","2755","춘의","19:00:00~19:59:59","30",95,137
"2014-08-31","205","5호선","2537","동대문역사문화공원","09:00:00~09:59:59","00",52,389
"2014-05-03","206","6호선","2646","태릉입구","06:00:00~06:59:59","00",37,31
"2014-09-16","002","2호선","0212","건대입구","22:00:00~22:59:59","00",1650,1330
"2014-10-11","004","4호선","0430","이촌","13:00:00~13:59:59","00",177,231
"2015-01-09","207","7호선","2725","용마산","07:00:00~07:59:59","30",105,39
"2015-04-18","208","8호선","2815","잠실","16:00:00~16:59:59","30",337,343
"2014-11-04","401","9호선","4110","염창","19:00:00~19:59:59","00",310,1332
"2015-05-08","003","3호선","0317","경복궁","21:00:00~21:59:59","00",546,166
"2015-07-28","205","5호선","2560","거여","21:00:00~21:59:59","00",91,258
"2015-02-16","206","6호선","2622","망원","04:00:00~04:59:59","30",1,0
"2015-05-19","208","8호선","2812","천호","13:00:00~13:59:59","30",441,508
"2014-01-25","207","7호선","2728","어린이대공원","07:00:00~07:59:59","30",585,462
"2015-01-17","207","7호선","2746","대림","11:00:00~11:59:59","00",247,287
"2014-10-28","206","6호선","2645","석계","18:00:00~18:59:59","00",207,499
"2014-10-14","004","4호선","0425","회현","05:00:00~05:59:59","00",14,0
"2014-10-30","208","8호선","2821","복정","17:00:00~17:59:59","00",582,150
"2014-02-26","004","4호선","0423","충무로","17:00:00~17:59:59","00",1480,777
"2014-03-08","003","3호선","0320","을지로3가","13:00:00~13:59:59","30",267,263
"2014-09-11","001","1호선","0150","서울역","19:00:00~19:59:59","30",2197,1092
"2015-06-29","002","2호선","0206","신당","22:00:00~22:59:59","00",381,439
"2014-10-05","207","7호선","2735","반포","06:00:00~06:59:59","00",52,106
"2014-10-18","207","7호선","2730","뚝섬유원지","00:00:00~00:59:59","00",0,4
"2014-01-13","205","5호선","2519","까치산","14:00:00~14:59:59","30",577,601
"2015-04-05","206","6호선","2635","청구","04:00:00~04:59:59","30",1,0
"2014-03-17","206","6호선","2630","녹사평(용산구청)","23:00:00~23:59:59","00",189,98
"2015-10-06","001","1호선","0153","종로3가","18:00:00~18:59:59","30",2641,1578
"2015-01-08","404","9호선2단계","4129","봉은사","17:00:00~17:59:59","00",593,196
"2014-05-09","206","6호선","2644","돌곶이","14:00:00~14:59:59","00",267,183
"2015-09-15","206","6호선","2631","이태원","00:00:00~00:59:59","00",68,76
"2015-03-01","401","9호선","4117","노량진","00:00:00~00:59:59","30",23,112
"2014-06-22","404","9호선2단계","4128","삼성중앙","05:00:00~05:59:59","00",4,0
"2014-11-06","002","2호선","0225","방배","19:00:00~19:59:59","00",272,389
"2014-07-28","207","7호선","2712","도봉산","16:00:00~16:59:59","30",623,274
"2014-12-18","206","6호선","2640","안암","22:00:00~22:59:59","30",447,197
"2014-11-22","205","5호선","2522","오목교","17:00:00~17:59:59","30",912,978
"2015-05-27","001","1호선","0151","시청","17:00:00~17:59:59","00",1074,377
"2015-09-24","401","9호선","4104","신방화","16:00:00~16:59:59","30",327,222
"2014-09-18","401","9호선","4106","양천향교","20:00:00~20:59:59","00",77,182
"2015-01-20","207","7호선","2750","광명사거리","00:00:00~00:59:59","30",3,127
"2015-06-04","401","9호선","4110","염창","08:00:00~08:59:59","00",1786,441
"2014-07-18","206","6호선","2641","고려대","05:00:00~05:59:59","30",90,25
"2014-06-05","003","3호선","0320","을지로3가","14:00:00~14:59:59","00",136,168
"2015-04-16","207","7호선","2750","광명사거리","22:00:00~22:59:59","00",315,1220
"2014-11-10","206","6호선","2634","약수","23:00:00~23:59:59","30",29,52
"2014-10-07","205","5호선","2526","신길","21:00:00~21:59:59","30",54,105
"2015-05-31","002","2호선","0241","이대","23:00:00~23:59:59","00",316,352
"2015-04-01","207","7호선","2743","신대방삼거리","17:00:00~17:59:59","30",449,630
"2014-07-16","003","3호선","0320","을지로3가","11:00:00~11:59:59","30",109,138
"2014-12-12","205","5호선","2526","신길","11:00:00~11:59:59","00",60,69
"2014-04-18","208","8호선","2820","장지","15:00:00~15:59:59","30",306,319
"2014-07-31","206","6호선","2635","청구","15:00:00~15:59:59","30",99,92
"2014-10-07","207","7호선","2722","상봉","07:00:00~07:59:59","30",1601,442
"2015-10-04","002","2호선","0204","을지로4가","20:00:00~20:59:59","00",464,105
"2015-01-23","002","2호선","0249","신정네거리","14:00:00~14:59:59","00",211,227
"2015-09-03","401","9호선","4110","염창","20:00:00~20:59:59","00",202,888
"2015-08-31","002","2호선","0220","선릉","17:00:00~17:59:59","30",3350,1264
"2014-05-06","003","3호선","0327","신사","08:00:00~08:59:59","00",174,157
"2014-08-05","205","5호선","2514","송정","22:00:00~22:59:59","30",115,244
"2014-01-06","401","9호선","4125","신논현","21:00:00~21:59:59","30",1392,495
"2015-01-25","004","4호선","0424","명동","23:00:00~23:59:59","00",1100,209
"2015-05-07","208","8호선","2821","복정","23:00:00~23:59:59","30",53,47
"2015-06-08","207","7호선","2721","중화","23:00:00~23:59:59","30",50,232
"2014-11-19","205","5호선","2511","방화","09:00:00~09:59:59","00",332,114
"2014-12-16","206","6호선","2616","구산","18:00:00~18:59:59","00",234,295
"2015-08-02","003","3호선","0330","교대","15:00:00~15:59:59","00",453,218
"2014-04-28","002","2호선","0248","양천구청","16:00:00~16:59:59","00",187,200
"2014-06-27","206","6호선","2638","창신","14:00:00~14:59:59","00",65,61
"2015-04-20","206","6호선","2626","대흥","16:00:00~16:59:59","30",327,233
"2014-01-11","003","3호선","0336","학여울","14:00:00~14:59:59","30",40,45
"2015-07-29","002","2호선","0228","서울대입구","23:00:00~23:59:59","00",746,1471
"2015-03-29","205","5호선","2526","신길","07:00:00~07:59:59","30",286,148
"2014-07-05","206","6호선","2620","월드컵경기장","17:00:00~17:59:59","30",692,437
"2015-05-16","002","2호선","0224","서초","06:00:00~06:59:59","00",63,158
"2014-05-19","206","6호선","2619","디지털미디어시티","14:00:00~14:59:59","30",414,458
"2014-08-04","205","5호선","2528","여의나루","19:00:00~19:59:59","00",534,366
"2014-05-09","002","2호선","0249","신정네거리","10:00:00~10:59:59","00",336,141
"2015-05-17","205","5호선","2526","신길","09:00:00~09:59:59","00",124,178
"2015-08-09","003","3호선","0314","홍제","15:00:00~15:59:59","00",502,530
"2014-01-24","207","7호선","2752","온수","08:00:00~08:59:59","30",964,616
"2015-04-14","206","6호선","2646","태릉입구","07:00:00~07:59:59","00",371,132
"2015-06-30","001","1호선","0158","청량리(지하)","06:00:00~06:59:59","30",205,237
"2015-09-16","205","5호선","2537","동대문역사문화공원","21:00:00~21:59:59","30",20,48
"2014-07-13","401","9호선","4121","구반포","17:00:00~17:59:59","30",134,102
"2015-01-04","207","7호선","2736","고속터미널","11:00:00~11:59:59","00",462,491
"2015-01-10","003","3호선","0311","연신내","14:00:00~14:59:59","30",1215,1203
"2015-05-26","208","8호선","2822","산성","19:00:00~19:59:59","30",66,393
"2014-10-29","003","3호선","0335","대치","05:00:00~05:59:59","00",34,0
"2014-01-03","004","4호선","0422","동대문역사문화공원","23:00:00~23:59:59","30",296,170
"2015-06-22","206","6호선","2645","석계","15:00:00~15:59:59","30",304,319
"2015-08-22","003","3호선","0337","대청","19:00:00~19:59:59","30",240,424
"2015-05-01","205","5호선","2539","신금호","00:00:00~00:59:59","30",0,34
"2014-09-10","205","5호선","2537","동대문역사문화공원","11:00:00~11:59:59","00",68,61
"2014-01-11","004","4호선","0423","충무로","06:00:00~06:59:59","00",99,353
"2015-10-31","205","5호선","2522","오목교","12:00:00~12:59:59","30",523,643
"2015-09-03","002","2호선","0229","봉천","19:00:00~19:59:59","30",369,1416
"2014-01-04","205","5호선","2514","송정","18:00:00~18:59:59","00",539,504
"2015-09-12","003","3호선","0327","신사","19:00:00~19:59:59","30",1604,1072
"2014-11-24","205","5호선","2533","서대문","22:00:00~22:59:59","00",711,140
"2015-10-22","003","3호선","0337","대청","06:00:00~06:59:59","30",289,140
"2015-10-14","206","6호선","2635","청구","00:00:00~00:59:59","00",0,7
"2014-04-13","205","5호선","2557","방이","05:00:00~05:59:59","00",23,0
"2015-09-06","002","2호선","0201","시청","05:00:00~05:59:59","00",27,3
"2014-07-16","002","2호선","0236","영등포구청","04:00:00~04:59:59","30",1,0
"2014-06-14","207","7호선","2738","이수","09:00:00~09:59:59","00",661,685
"2014-04-04","003","3호선","0320","을지로3가","13:00:00~13:59:59","30",245,306
"2014-06-26","205","5호선","2520","신정","21:00:00~21:59:59","30",63,315
"2014-05-27","002","2호선","0232","구로디지털단지","15:00:00~15:59:59","30",1134,1534
"2014-06-28","003","3호선","0341","경찰병원","11:00:00~11:59:59","00",208,133
"2014-06-19","207","7호선","2756","신중동","14:00:00~14:59:59","30",342,291
"2015-07-26","205","5호선","2560","거여","12:00:00~12:59:59","30",181,172
"2014-12-06","001","1호선","0158","청량리(지하)","05:00:00~05:59:59","00",209,14
"2015-07-01","401","9호선","4118","노들","19:00:00~19:59:59","00",88,151
"2014-01-14","002","2호선","0206","신당","23:00:00~23:59:59","30",23,118
"2014-04-25","003","3호선","0340","가락시장","08:00:00~08:59:59","30",133,67
"2014-07-14","003","3호선","0313","녹번","22:00:00~22:59:59","00",131,627
"2015-05-04","003","3호선","0314","홍제","20:00:00~20:59:59","30",331,796
"2014-04-25","004","4호선","0432","총신대입구","22:00:00~22:59:59","00",505,719
"2015-01-12","207","7호선","2735","반포","23:00:00~23:59:59","00",74,41
"2014-01-04","205","5호선","2557","방이","10:00:00~10:59:59","00",180,129
"2015-04-17","206","6호선","2638","창신","19:00:00~19:59:59","00",51,197
"2015-03-04","206","6호선","2618","증산","15:00:00~15:59:59","30",176,202
"2015-09-28","206","6호선","2642","월곡","07:00:00~07:59:59","30",1241,230
"2015-04-19","207","7호선","2749","철산","20:00:00~20:59:59","00",397,1252
"2015-06-14","001","1호선","0151","시청","19:00:00~19:59:59","00",1957,491
"2014-12-31","003","3호선","0329","고속터미널","22:00:00~22:59:59","00",1144,633
"2015-10-27","205","5호선","2548","천호","15:00:00~15:59:59","30",648,687
"2014-05-25","206","6호선","2616","구산","13:00:00~13:59:59","30",194,114
"2015-07-19","207","7호선","2735","반포","22:00:00~22:59:59","00",190,69
"2015-06-07","205","5호선","2559","개롱","17:00:00~17:59:59","00",115,214
"2015-01-24","404","9호선2단계","4126","언주","06:00:00~06:59:59","00",25,79
"2014-07-28","207","7호선","2727","군자","17:00:00~17:59:59","30",316,321
"2014-07-24","206","6호선","2640","안암","17:00:00~17:59:59","00",954,392
