"운행일자","노선ID","노선","정류장ID","정류장","승차시간구분","시간구분ID","승차총승객수","하차총승객수"
"2014-12-01","11110329","6411번(구로동~개포동)","9009281","신트리아파트","19:00:00~19:59:59","30",6,4
"2014-08-15","11110556","7730번(은평공영차고지~이북오도청)","9001990","월곡동두산아파트","13:00:00~13:59:59","00",6,0
"2015-06-05","11110677","2312번(중랑공영차고지~강동공영차고지)","8501523","경문고등학교","19:00:00~19:59:59","30",1,14
"2015-04-12","11110899","670번(온수동~디지털미디어시티역)","9000198","성내주유소","23:00:00~23:59:59","00",19,1
"2015-03-19","11110323","240번(중랑공영차고지~신사역사거리)","9001139","중앙동성당앞","11:00:00~11:59:59","30",1,2
"2014-04-14","11110622","6411번(구로동~개포동)","9010083","서울금융고등학교","11:00:00~11:59:59","30",5,2
"2014-06-13","11110522","구로02(개봉역~개봉중학교)","9009398","경희중고","15:00:00~15:59:59","00",1,5
"2014-10-26","11110350","7723번(기자촌~구파발역)","9013818","평화동물병원","13:00:00~13:59:59","30",3,2
"2014-02-09","11110354","7613번(갈현동~여의도)","9001858","장안2동주민센터","19:00:00~19:59:59","00",9,0
"2015-01-01","11110633","6712번(방화동~대흥사거리)","9007813","성수역","11:00:00~11:59:59","30",1,2
"2015-02-14","11110669","7611번(은평차고지~여의도)","0171282","영림중학교","11:00:00~11:59:59","30",4,3
"2015-05-22","11110800","N13번(송파공영차고지~상계동차고지)","9002598","화단앞","10:00:00~10:59:59","30",1,1
"2015-01-09","11110722","2016번(중랑차고지~효창동)","0071190","청원고등학교","06:00:00~06:59:59","00",4,13
"2014-04-09","11110860","6627번(양천공영차고지~월촌중학교)","9034951","송파사거리.석촌시장","07:00:00~07:59:59","00",1,2
"2015-03-14","11110890","7613번(갈현동~여의도)","0012239","추계초등학교","08:00:00~08:59:59","30",0,0
"2014-03-15","11110294","도봉08(창동역~무수골)","0009461","삼양신협","06:00:00~06:59:59","00",1,2
"2015-05-14","11110269","1161(청백1단지~덕성여대)","9011918","박석고개.신도고등학교","15:00:00~15:59:59","00",1,0
"2014-10-03","11110295","서대문04(궁동근린공원~신촌역)","0011732","선유고등학교","05:00:00~05:59:59","30",15,1
"2015-07-04","11110336","서초14(이수역~고속터미널)","9009192","뱅뱅사거리.구영동중학교","12:00:00~12:59:59","00",1,2
"2015-01-24","11110269","금천03(가산디지털단지역~구로디지털단지역)","9009206","우림시장.난곡보건분소","13:00:00~13:59:59","00",1,1
"2014-07-26","11110716","242번(중랑공영차고지~개포시영아파트)","0072029","방배브라운가아파트.수경약국","10:00:00~10:59:59","30",1,22
"2015-06-29","11110596","6411번(구로동~개포동)","9034243","미성아파트","18:00:00~18:59:59","30",5,4
"2015-03-05","11110945","성동05(응봉근린공원~약수역)","9001964","도봉시장","09:00:00~09:59:59","30",0,5
"2014-09-03","11110353","6647(개화역~마곡역)","0072854","주유소앞","14:00:00~14:59:59","00",3,0
"2014-12-11","11110703","강북05(번동초등학교~한일아파트)","9007116","도곡1차IPARK.모커리한방병원","23:00:00~23:59:59","00",1,29
"2014-03-27","11110581","6629번(방화동~영등포)","8000946","신사중학교","08:00:00~08:59:59","00",5,6
"2015-10-18","11110335","영등포02(한국수자원연구소~관악고등학교)","9010424","양천구청.보건소.경찰서","15:00:00~15:59:59","00",0,0
"2014-04-17","11110999","금천02(벽산3단지~안천중학교)","0109444","신동아아파트701동앞","10:00:00~10:59:59","30",0,2
"2014-10-11","11110596","320번(송파차고지~상봉터미널)","8001371","강동역1번출구.동신중학교","17:00:00~17:59:59","00",0,1
"2014-07-16","11110962","용산03(하얏트호텔~용산전자상가)","9034307","방림시장","15:00:00~15:59:59","00",3,0
"2015-02-04","11110419","동대문03(서울가든아파트~회기역)","9000241","꽃마을","16:00:00~16:59:59","00",3,1
"2015-02-19","11110947","강남06(세곡LH푸르지오아파트~코엑스)","0009617","고양동산초등학교","15:00:00~15:59:59","30",0,3
"2014-11-13","11110304","동작16(삼성래미안.롯데캐슬~사당역)","0010120","언남고교","08:00:00~08:59:59","30",3,1
"2014-01-31","11110633","710번(상암차고지~수유역)","9012475","신도림역","21:00:00~21:59:59","30",7,2
"2014-05-20","11110879","6716번(양천공영차고지~이대입구)","9034303","연남동","12:00:00~12:59:59","30",1,7
"2014-09-25","11110979","서초13(이수역~동덕여고)","9012636","용마공원입구","10:00:00~10:59:59","00",0,3
"2015-07-23","11110695","153번(우이동~당곡사거리)","0070827","본동시장","21:00:00~21:59:59","00",0,4
"2014-12-25","11110610","도봉09(창동역~도봉산역)","0171820","무역센터.삼성역","20:00:00~20:59:59","30",4,5
"2015-06-23","11110420","서초18(선바위역~매헌초등학교)","9009526","거여초등학교","19:00:00~19:59:59","00",3,20
"2014-12-12","11110416","서초17(사당역~서초구청)","0070932","한국통신대","15:00:00~15:59:59","00",0,3
"2014-11-28","11110614","6629번(방화동~영등포)","9003619","하계극동아파트","10:00:00~10:59:59","00",0,0
"2014-04-20","11110350","강서06(벽산아파트~수명산입구)","9003270","G캐슬아파트","23:00:00~23:59:59","00",1,2
"2015-05-04","11110416","성동01(옥수역~신당역)","9010117","병무청","16:00:00~16:59:59","30",0,5
"2015-07-21","11110290","마포09(망원유수지~신촌전철역)","0011353","도봉역","06:00:00~06:59:59","30",2,0
"2015-01-18","11110983","1226번(상월곡역~경동시장)","9009332","대방동주공아파트","21:00:00~21:59:59","00",13,5
"2014-09-23","11110295","6514번(양천공영차고지~서울대)","0009797","국민은행장위동지점","02:00:00~02:59:59","30",2,2
"2015-05-05","11110901","6629번(방화동~영등포)","0074427","당산동진로아파트","13:00:00~13:59:59","30",2,3
"2014-08-06","11110289","구로08(개봉역~오류1동주민센터)","9011857","댓골마을입구","17:00:00~17:59:59","00",0,8
"2015-09-13","11110865","5522번(B,호암방향,난곡~난곡)","9011392","국악중고교","09:00:00~09:59:59","30",0,2
"2014-10-12","11110667","금천11(산기슭공원~석수역)","0040023","화계유치원","10:00:00~10:59:59","30",1,1
"2014-09-13","11110604","7612번(홍은동~영등포)","9007846","화양리","11:00:00~11:59:59","30",1,9
"2015-07-19","11110515","강남03(강남데시앙포레정문~은곡마을)","9007478","한강대교북단","11:00:00~11:59:59","30",0,2
"2015-01-10","11110420","서초07(황실아파트~소라아파트)","0074987","홍은사회복지관별관","14:00:00~14:59:59","30",5,4
"2015-06-21","11110369","506번(신림동~종로1가)","0032887","보람아파트상가","20:00:00~20:59:59","30",1,5
"2015-07-23","11110743","구로05(오류중학교~개봉역)","9000100","중곡아파트","17:00:00~17:59:59","00",2,0
"2015-06-07","11110320","103번(월계동~서울역)","0075573","인제약국","10:00:00~10:59:59","00",1,2
"2014-09-10","11110610","241번(중랑차고지~논현역)","9036128","상계중앙시장입구","15:00:00~15:59:59","00",10,1
"2014-03-11","11110375","6647(개화역~마곡역)","8002182","경희중고","05:00:00~05:59:59","30",3,4
"2014-11-18","11110551","영등포05(당산역~구로세무서)","0071612","염창동한마음.관음삼성아파트","21:00:00~21:59:59","00",1,4
"2015-07-20","11110613","3012번(송파차고지~동부이촌동)","9001968","은로초등학교","17:00:00~17:59:59","00",6,1
"2014-11-03","11110744","N15(사당역~우이동)","9013138","석관동코오롱아파트","19:00:00~19:59:59","00",0,25
"2014-10-22","11110920","금천05(독산한신아파트~가산디지털단지역)","0073656","양천공영차고지","15:00:00~15:59:59","00",2,1
"2015-08-03","11110956","103번(월계동~서울역)","9010726","목동아파트1434동앞","08:00:00~08:59:59","30",1,0
"2015-02-27","11110339","242번(중랑공영차고지~개포시영아파트)","9001922","성심사","16:00:00~16:59:59","30",34,0
"2015-04-10","11110584","652번(신월동~독산사거리)","0007387","해모로아파트","15:00:00~15:59:59","00",7,1
"2014-02-06","11110702","6715번(신월동~상암동)","9003522","방림시장","10:00:00~10:59:59","30",43,4
"2014-10-16","11110315","양천01(등촌역~당산역)","9013714","천호우성아파트","23:00:00~23:59:59","00",0,0
"2015-05-22","11110527","강남05(구룡마을~석촌역)","9012667","정릉2동주민센터","11:00:00~11:59:59","00",8,0
"2014-11-12","11110988","6651(신풍역~신도림역)","0007990","서강해모로아파트","23:00:00~23:59:59","30",1,2
"2014-04-10","11110874","구로09(동아아파트~구로디지털단지역)","9003069","다나약국","14:00:00~14:59:59","00",0,12
"2015-10-09","11110337","성북10(장위중학교~미아사거리역)","9011483","신안파크아파트후문","13:00:00~13:59:59","00",3,0
"2015-02-16","11110350","6631번(강서공영차고지~영등포역)","9036967","소방서앞","17:00:00~17:59:59","00",2,1
"2015-07-18","11110348","421번(염곡동~옥수동)","9011424","신우초등학교","13:00:00~13:59:59","00",3,0
"2014-04-05","11110657","6715번(신월동~상암동)","9001790","개봉역.한마을아파트","20:00:00~20:59:59","30",1,20
"2014-02-07","11110419","도봉07(도봉여성센터~창2동건영아파트)","9013104","숭실고입구","10:00:00~10:59:59","00",3,0
"2014-09-07","11110903","마포01(산천동리버힐삼성아파트~용문시장)","9035433","국립극장","12:00:00~12:59:59","30",4,9
"2014-09-06","11110418","6614(양천공영차고지~부천남부생태공원)","0011958","충무로역8번출구.대한극장앞","09:00:00~09:59:59","30",0,5
"2014-06-15","11110349","성북07(정릉4동종점~길음역)","9007589","염광고등학교","23:00:00~23:59:59","30",0,12
"2015-05-07","11110308","351번(강동차고지~국립현충원)","9133978","쟁골마을","12:00:00~12:59:59","00",0,0
"2015-08-06","11110962","3011번(장지공영차고지~한남동)","9002381","창신교회.여원사","07:00:00~07:59:59","30",2,0
"2015-03-13","11110569","6632번(강서공영차고지~당산역)","0072184","세검정초등학교","19:00:00~19:59:59","30",14,1
"2015-10-20","11110377","종로09(옥인아파트~시청역)","0014514","서원동승리교앞","18:00:00~18:59:59","00",0,1
"2014-07-01","11110988","N16번(도봉산공영차고지~온수동차고지)","0071932","함지박사거리","21:00:00~21:59:59","30",7,0
"2015-03-04","11110380","2235(능말~신이문역)","9008143","경문고등학교","14:00:00~14:59:59","30",2,5
"2014-06-04","11110360","1227번(하계동~제기동)","0072263","서울역버스환승센터","19:00:00~19:59:59","30",0,2
"2015-03-18","11110714","202번(불암동~후암동)","9012656","상암휴먼시아아파트","17:00:00~17:59:59","00",1,13
"2015-01-15","11110808","202번(불암동~후암동)","9000005","경동고입구","20:00:00~20:59:59","00",4,2
"2014-10-24","11110556","1165번(화계사~미아삼거리역)","0075514","양화대교전망카페","20:00:00~20:59:59","00",1,3
"2015-02-12","11110415","421번(염곡동~옥수동)","0011230","LG전자","09:00:00~09:59:59","30",5,0
"2014-02-20","11110965","동작08(행복유치원~대방역)","8501019","보광신동아아파트삼성리버빌아파트","14:00:00~14:59:59","30",10,2
"2015-07-23","11110659","N61번(상계동차고지~양천공영차고지)","9008792","구의사거리","11:00:00~11:59:59","30",1,4
"2014-05-16","11110698","성북06(산림초소~길음역)","9002551","삼성아파트.오목교아래","09:00:00~09:59:59","30",0,1
"2015-06-26","11110528","148번(번동~방배동)","9007212","목동중학교","23:00:00~23:59:59","00",3,5
"2014-04-01","11110964","2415번(자양동~대치동)","0009704","한남동하이페리온","19:00:00~19:59:59","30",55,0
"2015-08-08","11110855","7613번(갈현동~여의도)","9035337","주택가","16:00:00~16:59:59","30",0,3
"2014-03-08","11110965","1122번(상진운수차고지~원자력병원)","9501069","송파.잠실세무서","12:00:00~12:59:59","30",0,0
"2014-07-20","11110323","352번(송파공영차고지~중앙대병원)","0010019","영등포푸르지오후문","22:00:00~22:59:59","00",1,2
"2014-12-01","11110540","서초10(서초구민체육센터~강남역)","0011601","극동아파트앞","23:00:00~23:59:59","30",5,2
"2015-02-26","11110872","종로02(성균관대후문~종각)","9002927","논현동고개","23:00:00~23:59:59","00",0,9
"2015-08-09","11110610","121번(화계사~서울숲)","9012517","현대로얄APT.한일유엔아이","14:00:00~14:59:59","30",14,2
"2014-01-16","11110999","2114(중랑공영차고지~석계역)","9013586","남태령역","07:00:00~07:59:59","30",1,0
"2015-06-01","11110953","마포10(신촌전철역~공덕역)","9010520","양천구청","09:00:00~09:59:59","30",1,14
"2014-08-10","11110327","120번(우이동~청량리)","9008452","은마아파트","22:00:00~22:59:59","30",0,0
"2015-01-31","11110410","6631번(강서공영차고지~영등포역)","9001903","그린마트","18:00:00~18:59:59","30",10,7
"2014-11-14","11110984","서초13(이수역~동덕여고)","9011123","신사사거리.가로수길","08:00:00~08:59:59","00",3,10
"2014-09-17","11110993","421번(염곡동~옥수동)","9010220","금호.현대아파트","12:00:00~12:59:59","00",2,2
"2014-12-27","11110720","성동01(옥수역~신당역)","0009861","대치사거리","14:00:00~14:59:59","30",3,1
"2015-09-12","11110554","6643(가양9단지~가양9단지)","9012795","아가방빌딩.하나은행","23:00:00~23:59:59","00",5,0
"2015-05-09","11110304","1131번(중계본동~석계역)","9007767","한강진역.블루스퀘어","11:00:00~11:59:59","00",1,1
"2014-09-29","11110506","서초16(정금마을~방배역)","7000160","삼거리","14:00:00~14:59:59","00",1,7
"2014-05-23","11110330","성북03(삼선푸르지오아파트~노인정)","9001965","건대입구역사거리.건대병원","10:00:00~10:59:59","30",3,9
"2014-08-08","11110912","6716번(양천공영차고지~이대입구)","0070042","영천시장","06:00:00~06:59:59","30",1,1
"2014-07-25","11110741","5537번(시흥동~가산디지털단지역)","0009555","한성화교중고교","07:00:00~07:59:59","30",1,59
"2015-01-16","11110892","6627번(양천공영차고지~월촌중학교)","9011388","개화산역","12:00:00~12:59:59","00",19,6
"2014-10-24","11110948","양천01(등촌역~당산역)","9008244","벽산아파트","13:00:00~13:59:59","30",2,22
"2014-11-12","11110967","4433번(대치역~양재역)","8501011","시조사삼거리","21:00:00~21:59:59","30",2,1
"2014-11-25","11110980","3316번(마천동~천호역)","9034812","SBS공개홀","13:00:00~13:59:59","30",3,3
"2015-04-25","11110536","1131번(중계본동~석계역)","9003520","서대문구청","10:00:00~10:59:59","00",9,2
"2015-08-18","11110321","6645(가양9단지~가양9단지)","0014061","대치동은마아파트","11:00:00~11:59:59","00",1,0
"2014-03-12","11110291","2224번(성수동~강변역)","9008152","대한노인회동대문구지회","09:00:00~09:59:59","30",2,3
"2015-01-13","11110688","320번(송파차고지~상봉터미널)","9009885","정릉입구","14:00:00~14:59:59","00",2,9
"2014-05-28","11110535","202번(불암동~후암동)","9007806","독산동정훈단지","16:00:00~16:59:59","30",8,31
"2015-03-10","11110543","6631번(강서공영차고지~영등포역)","9034262","홍익대부속중고등학교입구","19:00:00~19:59:59","30",0,6
"2015-05-02","11110410","구로03(개봉한진아파트~개봉역)","9036309","남천초교마천동우방아파트앞","16:00:00~16:59:59","00",0,5
"2014-08-31","11110418","강동01(길동신동아아파트~강변역)","9035283","서울특별시.보라매병원","15:00:00~15:59:59","00",4,1
"2014-11-21","11110663","1157번(월계청백APT~세그루학원)","0071046","사가정역","11:00:00~11:59:59","00",4,0
"2014-01-30","11110865","5523번(보성운수기종점~서울대입구역)","0074621","독산역","07:00:00~07:59:59","00",2,0
"2015-08-04","11110502","강서05(발산역~강서농수산물도매시장)","9036638","상명대정문","23:00:00~23:59:59","00",0,2
"2015-01-01","11110959","관악05(신림2동현대아파트~신림역)","9009033","우장산역","16:00:00~16:59:59","30",3,0
"2015-03-02","11110351","6714번(양천공영차고지~이대부고)","0079953","갑을씨티텔앞","11:00:00~11:59:59","00",0,2
"2014-12-22","11110670","강남05(구룡마을~석촌역)","9004882","호림박물관","20:00:00~20:59:59","00",3,12
"2015-01-07","11110722","3012번(송파차고지~동부이촌동)","9010962","호암교수회관","03:00:00~03:59:59","00",8,13
"2014-03-30","11110420","121번(화계사~서울숲)","9008936","낙성대역","08:00:00~08:59:59","00",0,13
"2015-10-30","11110356","동작02(사자암~노량진역)","0071047","신한은행중계본동지점","10:00:00~10:59:59","00",9,1
"2015-09-29","11110414","성북12(월곡중학교~석계역)","9507038","서남환경공원","12:00:00~12:59:59","30",12,1
"2014-10-01","11110801","7018번(북가좌동~광교)","9008975","은행나무입구사거리","06:00:00~06:59:59","30",1,2
"2014-08-06","11110590","202번(불암동~후암동)","8002515","사당시장","09:00:00~09:59:59","30",1,8
"2015-08-30","11110297","6649(신도림역~여의도역)","8000365","상명대후문","10:00:00~10:59:59","00",0,1
"2014-10-27","11110719","금천02(벽산3단지~안천중학교)","0013607","백제고분","15:00:00~15:59:59","00",34,4
"2014-06-28","11110874","3220번(오금동~청량리)","9001386","경복고교","16:00:00~16:59:59","30",2,4
"2014-10-15","11110521","3316번(마천동~천호역)","0060031","봉은사역3번출구.삼성1파출소","18:00:00~18:59:59","00",14,1
"2014-12-29","11110410","502(월암공영차고지~한국은행신세계)","0071360","현대아파트","15:00:00~15:59:59","00",0,8
"2014-07-16","11110857","N61번(상계동차고지~양천공영차고지)","0073678","신촌연세병원.기업은행","22:00:00~22:59:59","30",0,4
"2014-05-30","11110912","영등포01(신도림역~구로디지털단지역)","9009972","삼성래미안아파트","18:00:00~18:59:59","30",4,4
"2015-02-27","11110285","3321번(강동차고지~강동구청)","0011400","상왕십리역","13:00:00~13:59:59","30",1,3
"2015-06-01","11110504","6716번(양천공영차고지~이대입구)","0007633","대림초등학교","12:00:00~12:59:59","30",1,0
"2015-07-08","11110308","103번(월계동~서울역)","0071173","월곡아남아파트","11:00:00~11:59:59","30",8,0
"2014-06-24","11110549","7739번(은평공영차고지~홍대입구역)","9001091","외환은행.오렌지마트","13:00:00~13:59:59","00",1,5
"2015-02-08","11110604","강북12(SK북한산시티아파트~현대백화점)","0012809","SK아파트벽산아파트상가","14:00:00~14:59:59","30",2,0
"2015-06-02","11110353","4319번(전원마을~잠실역)","0071863","서교동예식장타운","19:00:00~19:59:59","30",11,2
"2014-06-08","11110645","마포07(양화진성지~아현역)","9014492","화곡전화국","17:00:00~17:59:59","00",5,0
"2014-10-10","11110717","2312번(중랑공영차고지~강동공영차고지)","9003493","황학동롯데캐슬","17:00:00~17:59:59","00",1,3
"2014-09-26","11110307","금천02(벽산3단지~안천중학교)","9007444","태릉입구역","08:00:00~08:59:59","30",2,7
"2014-03-30","11110999","1141번(중계본동~석계역)","9010116","사당시장","19:00:00~19:59:59","30",1,1
"2015-06-28","11110865","1227번(하계동~제기동)","9012591","신당현대아파트","17:00:00~17:59:59","30",0,5
"2015-01-02","11110310","2114(중랑공영차고지~석계역)","9002665","동일하이빌아파트","08:00:00~08:59:59","00",6,2
"2015-08-02","11110962","7720번(구산동~신촌)","9036973","금호.한솔아파트","22:00:00~22:59:59","30",4,1
"2015-04-20","11110297","3214번(마천동~강변역)","8501627","대치역","04:00:00~04:59:59","30",0,8
"2015-06-21","11110875","구로06(개봉역~센츄리아파트)","0072275","면목6거리","20:00:00~20:59:59","30",2,6
"2014-06-28","11110282","7612번(홍은동~영등포)","9003696","마천2동윤진빌딩.신동아아파트","06:00:00~06:59:59","00",1,0
"2014-12-02","11110903","용산04(경기여상~용문시장)","9007084","우신고등학교","23:00:00~23:59:59","30",0,46
"2014-10-31","11110957","6620번(양천공용차고지~당산역)","0079041","성바오로병원앞","09:00:00~09:59:59","00",1,1
"2014-07-12","11110942","서초13(이수역~동덕여고)","0076807","동묘역.롯데캐슬","13:00:00~13:59:59","30",4,0
"2014-07-18","11110539","서대문14(정원여중~홍제역)","0011744","신설동역.서울풍물시장","23:00:00~23:59:59","30",0,5
"2015-05-17","11110999","영등포09(신도림역~영등포역후문)","0011219","현대아파트","11:00:00~11:59:59","30",0,1
"2015-07-29","11110904","3321번(강동차고지~강동구청)","9008241","윤선생영어교실앞.삼성SNS","09:00:00~09:59:59","30",10,0
"2014-06-20","11111000","노원09(근로복지아파트~삼창아파트)","9004912","KT강서지사","05:00:00~05:59:59","00",2,5
"2014-04-23","11110414","동작11(사자암~노량진역)","9000637","불광지구대","19:00:00~19:59:59","30",2,4
"2014-12-08","11110910","652번(신월동~독산사거리)","9004289","양강중학교","20:00:00~20:59:59","00",6,1
"2015-06-15","11110270","6411번(구로동~개포동)","0072521","수락리버시티3.4단지","13:00:00~13:59:59","30",2,4
"2015-02-12","11110376","662번(외발산동~여의나루역)","9009532","송파도서관","20:00:00~20:59:59","00",0,3
"2015-05-12","11110537","노원02(수락리버시티아파트단지~노원구청)","9000128","정동병원","20:00:00~20:59:59","30",3,7
"2014-04-19","11110976","1122번(상진운수차고지~원자력병원)","9009252","장한평역","23:00:00~23:59:59","00",15,8
"2015-01-23","11110549","종로11(삼청동~서울역)","9000432","남구로역","22:00:00~22:59:59","30",0,3
"2015-04-19","11110681","6516번(양천차고지~박미고개)","9007741","포스코사거리","18:00:00~18:59:59","30",2,1
"2015-03-12","11110571","1227번(하계동~제기동)","0070792","상일동역","09:00:00~09:59:59","00",0,1
"2015-04-02","11110980","동작14(달마사~사랑의병원)","9011584","이마트","20:00:00~20:59:59","30",17,5
"2015-01-13","11110270","동작05-1(대방역~신대방역)","9009778","대림e편한세상1단지","07:00:00~07:59:59","00",1,1
"2014-08-01","11110415","3011번(장지공영차고지~한남동)","9012598","서울공업고등학교","08:00:00~08:59:59","30",0,0
"2014-08-24","11110401","N13번(상계동차고지~송파공영차고지)","9007778","학동역","20:00:00~20:59:59","30",13,4
"2014-03-18","11110991","강북01(아카데미하우스.통일교육원~수유역)","9013030","혜화역.서울대병원입구","00:00:00~00:59:59","30",1,4
"2015-07-01","11110999","2115번(중랑공영차고지~서경대)","9013386","서울역버스환승센터","18:00:00~18:59:59","00",1,1
"2015-01-22","11110874","6627번(양천공영차고지~월촌중학교)","9009108","발산역4번출구","11:00:00~11:59:59","30",12,1
"2014-05-11","11110596","강북03(빨래골~수유역)","9006126","패션문화의거리입구","18:00:00~18:59:59","00",2,2
"2015-06-11","11110966","강북09(미아사거리~수유역)","9010654","성지아트빌","04:00:00~04:59:59","30",5,1
"2014-02-13","11110343","강남03(강남데시앙포레정문~은곡마을)","0008989","창신역.4번출구","14:00:00~14:59:59","30",1,1
"2015-01-03","11110308","7019번(은평공영차고지~시청(서소문))","9002642","종합시장.세이브마트","23:00:00~23:59:59","30",3,0
"2014-02-26","11110414","6623번(양천공영차고지~여의도)","0075304","신정네거리역","15:00:00~15:59:59","30",0,4
"2014-01-21","11110304","성동08(금호역~성동구도시관리공단)","0011414","미아사거리역.롯데백화점","21:00:00~21:59:59","00",19,1
"2015-09-24","11110912","3318번(강동차고지~미사강변도시~마천동)","9002655","신일라이프아파트","15:00:00~15:59:59","30",5,13
"2015-01-05","11110913","관악08(난향동공영차고지~신림역)","0074435","창3동염광아트빌","17:00:00~17:59:59","30",2,16
"2014-03-03","11110513","202번(불암동~후암동)","9003557","코오롱아파트사거리","23:00:00~23:59:59","00",18,1
"2015-04-18","11110631","N30(강동공영차고지~서울역환승센터)","0075286","건대입구역사거리.건대병원","12:00:00~12:59:59","00",5,2
"2015-06-15","11110537","종로03(낙산아파트~청계7가)","9010284","사당시장","16:00:00~16:59:59","30",2,1
"2015-07-17","11110294","서초18(선바위역~매헌초등학교)","9007534","신사중학교","12:00:00~12:59:59","30",0,0
"2014-09-21","11110282","6512번(구로동~서울대)","9007606","이문동쌍용아파트","14:00:00~14:59:59","00",3,4
"2014-12-26","11110563","양천02(등촌역~오목교역)","9008156","연신초등학교","13:00:00~13:59:59","00",4,1
"2015-04-29","11110510","7720번(구산동~신촌)","0009445","이수화학","08:00:00~08:59:59","30",2,11
"2014-09-19","11110669","241번(중랑차고지~논현역)","9009040","하계역","19:00:00~19:59:59","30",9,7
"2015-09-06","11110527","6716번(양천공영차고지~이대입구)","9010032","퇴계로5가.제일병원","07:00:00~07:59:59","30",5,6
"2014-06-03","11110698","6645(가양9단지~가양9단지)","9008049","만리시장입구","16:00:00~16:59:59","30",9,2
"2015-05-11","11110539","2234(중랑공영차고지~봉화산역)","9007787","성수사거리","15:00:00~15:59:59","30",1,0
"2015-10-28","11110976","노원02(수락리버시티아파트단지~노원구청)","8002210","풍문여고.덕성여중고","13:00:00~13:59:59","30",1,4
"2015-06-12","11110563","구로08(개봉역~오류1동주민센터)","9036263","상신교회","08:00:00~08:59:59","30",8,2
"2014-01-19","11110633","4432번(개포동~옛골)","0076442","이마트.은평점","19:00:00~19:59:59","00",3,1
"2015-05-30","11110583","405번(염곡동~종로1가)","9006463","가양7단지상가앞","19:00:00~19:59:59","00",5,1
"2015-03-22","11110979","강남06(세곡LH푸르지오아파트~코엑스)","9007478","거여초등학교","11:00:00~11:59:59","30",3,4
"2014-02-17","11110506","6642(개화역~염창역)","9135093","서울역버스환승센터","10:00:00~10:59:59","00",3,0
"2014-07-20","11110747","2312번(강동공영차고지~중랑공영차고지)","9008993","남구로역","13:00:00~13:59:59","30",0,9
"2015-09-07","11110861","동작20(자이아파트~낙성대역)","9009097","가양한강타운아파트","08:00:00~08:59:59","30",1,3
"2014-10-05","11110618","4319번(전원마을~잠실역)","9012415","동방.신성아파트","06:00:00~06:59:59","30",3,5
"2014-01-12","11110872","서대문09(동남슈퍼.동남슈퍼~홍제역)","9008918","서초고후문","13:00:00~13:59:59","30",4,3
"2015-08-05","11110744","2114(중랑공영차고지~석계역)","0075778","한양여대앞","17:00:00~17:59:59","00",6,1
"2014-03-08","11110375","광진03(소아청소년진료소~강변역)","9007850","성가복지병원","18:00:00~18:59:59","30",0,3
"2014-03-30","11110335","7211번(기자촌~신설동)","9010128","화진연립","13:00:00~13:59:59","30",1,1
"2015-03-29","11110290","강서03(신정여상~까치산역)","9003079","영등포구청","15:00:00~15:59:59","30",4,1
"2015-06-10","11110999","6613(양천공영차고지~대림역)","9102633","송파여성문화회관","04:00:00~04:59:59","00",1,3
"2014-06-21","11110970","3426번(서울버스종점~청담동)","0007356","종합운동장사거리","10:00:00~10:59:59","30",1,1
"2015-08-10","11110586","6649(신도림역~여의도역)","0009444","경성의원.LG전자앞","22:00:00~22:59:59","30",8,4
"2014-10-30","11110359","1227번(하계동~제기동)","9010587","예수사랑교회","06:00:00~06:59:59","30",2,2
"2014-12-07","11110337","652번(신월동~독산사거리)","0008185","미아사거리역","22:00:00~22:59:59","30",2,8
"2014-06-08","11110872","4433번(대치역~양재역)","9005340","송파역","19:00:00~19:59:59","30",7,11
"2014-08-02","11110556","도봉01(법종사~창동역)","9009817","건국대학교앞","08:00:00~08:59:59","30",2,6
"2015-04-13","11110350","2415번(자양동~대치동)","9002554","연세대앞","15:00:00~15:59:59","30",0,0
"2015-08-10","11110334","7613번(갈현동~여의도)","9011905","손기정체육공원입구","18:00:00~18:59:59","00",2,2
"2014-01-04","11110304","3318번(강동차고지~미사강변도시~마천동)","0032739","염창동관음삼성아파트","20:00:00~20:59:59","00",0,2
"2015-04-18","11110410","7713번(홍연2교~홍연2교)","9008993","증산역.증산동주민센터","12:00:00~12:59:59","30",16,2
"2015-02-06","11110696","관악07(청림동푸르지오아파트~서울대입구역)","9012008","발산역9번출구","19:00:00~19:59:59","00",2,1
"2015-05-08","11110520","동작11(사자암~노량진역)","0071012","숭례문남산방향","10:00:00~10:59:59","00",5,0
"2014-12-28","11110270","금천08(난곡중학교~시흥대교)","9009481","창동아이파크","10:00:00~10:59:59","30",2,0
"2014-04-16","11110879","6624번(신월동~이대목동병원)","9003619","영화사입구","22:00:00~22:59:59","00",5,6
"2014-09-14","11110966","동작10(노들역~상도역)","9009790","망우지구대","12:00:00~12:59:59","30",2,0
"2014-01-21","11110307","502(월암공영차고지~한국은행신세계)","0009821","유진투자증권.파이낸셜뉴스신문","11:00:00~11:59:59","30",0,0
"2014-03-07","11110517","은평02(두산.한신아파트~불광역)","9006465","국민은행신월동지점","17:00:00~17:59:59","00",1,11
"2015-10-11","11110803","동대문02(회기역~외대)","9012566","산울림소극장","07:00:00~07:59:59","00",3,0
"2015-02-09","11110675","705번(진관공영차고지~롯데영프라자)","7000039","합정역","22:00:00~22:59:59","30",0,1
"2015-07-17","11110942","1226번(상월곡역~경동시장)","9008160","주공1단지.오현초교정문","07:00:00~07:59:59","00",1,5
"2014-07-20","11110315","350번(송파공영차고지~노들역)","8002363","강동경희대병원.명일동이마트","17:00:00~17:59:59","30",7,0
"2014-07-27","11110339","7211번(기자촌~신설동)","9007568","양재역4번출구","23:00:00~23:59:59","00",0,2
"2015-05-09","11110369","강북11(미아사거리~수유역)","0072371","강동구청","16:00:00~16:59:59","00",5,1
"2015-05-21","11110585","7613번(갈현동~여의도)","9100854","신덕성결교회","14:00:00~14:59:59","30",1,1
"2015-04-14","11110672","도봉09(창동역~도봉산역)","9003529","고려대법과대학입구","23:00:00~23:59:59","00",13,3
"2014-05-05","11110685","2115번(중랑공영차고지~서경대)","0011089","AT센터.양재꽃시장","22:00:00~22:59:59","00",2,1
"2015-05-15","11110686","6623번(양천공영차고지~여의도)","9009473","화곡역","15:00:00~15:59:59","00",4,3
"2014-04-07","11110982","352번(송파공영차고지~중앙대병원)","9009505","종합시장.세이브마트","16:00:00~16:59:59","30",2,2
"2014-03-17","11110555","서초18(선바위역~매헌초등학교)","8002651","금호4가동주민센터.국민은행금호동지점","20:00:00~20:59:59","30",5,1
"2014-12-10","11110874","동대문02(회기역~외대)","9008695","수유(강북구청)역","08:00:00~08:59:59","00",4,2
"2015-06-15","11110713","6512번(구로동~서울대)","0070819","수서119안전센터앞","08:00:00~08:59:59","00",21,4
"2015-08-31","11110866","금천11(산기슭공원~석수역)","9010953","사당역12번출구","22:00:00~22:59:59","30",2,4
"2014-09-20","11110510","7612번(홍은동~영등포)","0010951","신림고등학교","06:00:00~06:59:59","00",0,0
"2015-09-08","11110983","3322번(송파차고지~잠실종합운동장)","9013301","현대화마트","22:00:00~22:59:59","30",9,0
"2015-07-10","11110354","1122번(상진운수차고지~원자력병원)","0012312","통인시장종로구보건소","13:00:00~13:59:59","00",5,1
"2014-05-03","11110296","350번(송파공영차고지~노들역)","9006481","노인정","16:00:00~16:59:59","00",1,1
"2014-09-10","11110535","670번(온수동~디지털미디어시티역)","8000243","한신105동앞","23:00:00~23:59:59","00",2,0
"2015-04-25","11110805","2221번(자양동~신설동)","0012133","안양천입구","22:00:00~22:59:59","00",4,35
"2014-11-19","11110696","노원02(수락리버시티아파트단지~노원구청)","9003699","광진경찰서","21:00:00~21:59:59","00",3,4
"2015-10-01","11110528","242번(중랑공영차고지~개포시영아파트)","0011603","논골신협.대림아파트후문","19:00:00~19:59:59","00",6,0
"2015-03-23","11110691","도봉09(창동역~도봉산역)","0073656","동부센트레빌320동앞","14:00:00~14:59:59","00",2,4
"2015-08-09","11110656","서초13(이수역~동덕여고)","9112691","태릉입구역","12:00:00~12:59:59","00",5,0
"2014-02-18","11110904","3318번(강동차고지~미사강변도시~마천동)","9011062","미원아파트입구","13:00:00~13:59:59","00",9,1
"2015-02-22","11110270","도봉02(우이동도선사입구~수유역)","8002221","을지로4가.베스트웨스턴국도","06:00:00~06:59:59","30",5,1
"2014-06-02","11110504","7013A(은평차고지~남대문시장)","9002129","석계역","09:00:00~09:59:59","00",6,7
"2015-09-17","11110957","121번(화계사~서울숲)","9010735","용마사거리","11:00:00~11:59:59","00",7,3
"2015-08-31","11110628","3220번(오금동~청량리)","9011120","남성초등학교입구","19:00:00~19:59:59","30",0,2
"2015-06-08","11110522","성북06(산림초소~길음역)","8000688","오륜교회앞","21:00:00~21:59:59","00",20,2
"2015-06-14","11110710","710번(상암차고지~수유역)","9033761","신트리공원","13:00:00~13:59:59","00",0,2
"2015-10-09","11110629","마포05(홍대입구역~연남동주민센터)","9004248","합정역","15:00:00~15:59:59","30",0,8
"2015-01-15","11110959","강북06(강북보건소~미아사거리역)","0009595","월드컵파크3단지.난지천공원","15:00:00~15:59:59","00",1,0
"2014-03-10","11110334","2221번(자양동~신설동)","9003646","빨래골","22:00:00~22:59:59","00",2,0
"2014-06-22","11110295","7722번(진관공영차고지~녹번역)","8002728","부대앞","18:00:00~18:59:59","00",1,22
"2014-04-11","11110290","1122번(상진운수차고지~원자력병원)","9010538","오금공원사거리","08:00:00~08:59:59","30",5,10
"2014-10-11","11110408","영등포05(당산역~구로세무서)","9006024","한양.현대아파트","20:00:00~20:59:59","00",2,2
"2015-06-17","11110296","1161(청백1단지~덕성여대)","0009382","면목두산아파트1차","16:00:00~16:59:59","30",1,1
"2014-07-22","11110575","동작05-1(대방역~신대방역)","0077891","금호역","14:00:00~14:59:59","30",2,4
"2014-08-08","11110856","동작02(사자암~노량진역)","9011509","뚝도아리수정수센터수도박물관","00:00:00~00:59:59","30",17,1
"2014-02-27","11110673","도봉05(한전병원~우이동도선사입구)","9110849","경복궁역","09:00:00~09:59:59","00",26,2
"2014-10-22","11110716","2234(중랑공영차고지~봉화산역)","9011901","예일여고","07:00:00~07:59:59","00",7,1
"2014-02-04","11110575","7720번(구산동~신촌)","0013777","구룡사입구","17:00:00~17:59:59","00",7,4
"2014-10-24","11110861","강북10-1(솔샘터널~미아역)","9007842","동신아파트","11:00:00~11:59:59","00",0,3
"2014-08-10","11110334","6642(개화역~염창역)","9011906","엘지빌딩","14:00:00~14:59:59","30",5,2
"2014-08-01","11110866","종로08(명륜3가~종로5가)","9012547","신천역4번출구","22:00:00~22:59:59","00",0,1
"2014-07-20","11110506","6614(양천공영차고지~부천남부생태공원)","9008043","신도림역","16:00:00~16:59:59","30",18,1
"2015-05-26","11110714","3220번(오금동~청량리)","0072628","서경대정문앞","09:00:00~09:59:59","00",3,3
"2015-09-17","11110297","6712번(방화동~대흥사거리)","0072394","종로4가.종묘","16:00:00~16:59:59","00",3,1
"2014-10-17","11110970","마포08(서부운전면허시험장~신촌전철역)","9010443","임광아파트후문","18:00:00~18:59:59","00",7,5
"2014-08-23","11110269","6631번(강서공영차고지~영등포역)","9009299","농협대치지점","09:00:00~09:59:59","30",6,0
"2014-06-13","11110308","2415번(자양동~대치동)","9011609","용마루고개.신공덕삼성아파트","21:00:00~21:59:59","00",0,0
"2015-05-27","11110900","242번(중랑공영차고지~개포시영아파트)","0074696","삼육서울병원","19:00:00~19:59:59","00",1,3
"2014-02-14","11110631","3426번(서울버스종점~청담동)","0010441","성서초등학교","07:00:00~07:59:59","00",7,2
"2014-06-28","11110889","서대문09(동남슈퍼.동남슈퍼~홍제역)","8001536","성원.극동아파트","21:00:00~21:59:59","30",0,2
"2014-01-28","11110991","종로02(성균관대후문~종각)","0011701","중계본동종점","11:00:00~11:59:59","30",3,18
"2014-11-29","11110681","463(염곡동~국회의사당)","9004916","중화동한신아파트","15:00:00~15:59:59","00",0,10
"2014-08-07","11110652","금천08(난곡중학교~시흥대교)","8002075","고대앞","22:00:00~22:59:59","00",1,3
"2014-01-20","11110999","5522번(B,호암방향,난곡~난곡)","0011690","마포중고등학교","09:00:00~09:59:59","00",0,1
"2015-10-07","11110913","노원11(수락현대아파트~상계역)","9033642","신월시영아파트.강월초등학교","14:00:00~14:59:59","30",4,1
"2014-11-01","11110269","6630번(외발산동~당산동)","9009614","옥정중학교입구","14:00:00~14:59:59","00",11,0
"2014-08-13","11110312","672번(방화동~이대후문)","9004373","천호우성아파트","21:00:00~21:59:59","30",0,3
"2015-01-11","11110913","653(외발산동~가산디지털단지역)","9006479","고려아파트","11:00:00~11:59:59","30",4,2
"2015-09-26","11110353","금천02(벽산3단지~안천중학교)","9004613","창동역","11:00:00~11:59:59","30",31,0
"2014-02-04","11110671","2113(중랑공영차고지~석계역)","8000961","강북구청","13:00:00~13:59:59","30",0,23
"2014-12-04","11110945","강남05(구룡마을~석촌역)","9010994","쌍다리","07:00:00~07:59:59","00",1,2
"2014-01-04","11110979","도봉01(법종사~창동역)","0011326","자하문고개.윤동주문학관","09:00:00~09:59:59","00",2,0
"2015-08-17","11110801","405번(염곡동~종로1가)","0008283","신정2동주민센터","19:00:00~19:59:59","00",6,1
"2014-10-22","11110915","6411번(구로동~개포동)","9003560","오류2동주민센터","05:00:00~05:59:59","00",0,2
"2015-02-11","11110294","강서06(벽산아파트~수명산입구)","9009931","구로기계공구상가","13:00:00~13:59:59","00",1,1
"2014-06-25","11110897","241번(중랑차고지~논현역)","8003065","동대문중학교","12:00:00~12:59:59","00",9,7
"2014-09-09","11110336","405번(염곡동~종로1가)","9009725","고척근린공원","17:00:00~17:59:59","30",1,3
"2015-10-24","11110414","6411번(구로동~개포동)","9000267","서서울호수공원","16:00:00~16:59:59","00",8,0
"2015-03-13","11110518","마포01(산천동리버힐삼성아파트~용문시장)","0010221","건영아파트","15:00:00~15:59:59","00",3,15
"2015-05-07","11110902","6631번(강서공영차고지~영등포역)","9036839","거성약국","06:00:00~06:59:59","00",8,4
"2014-11-13","11110606","3012번(송파차고지~동부이촌동)","8501959","동대부고.은석초교앞","23:00:00~23:59:59","30",0,19
"2015-09-01","11110663","도봉05(한전병원~우이동도선사입구)","9013142","산울림소극장","22:00:00~22:59:59","30",1,2
"2015-01-29","11110980","6631번(강서공영차고지~영등포역)","9012287","도봉파크빌3단지","09:00:00~09:59:59","30",3,6
"2015-06-07","11110349","2113(중랑공영차고지~석계역)","9010539","잠실대교전망카페","17:00:00~17:59:59","30",1,0
"2015-08-22","11110912","서초17(사당역~서초구청)","9012445","경복고교","09:00:00~09:59:59","30",10,2
"2014-04-30","11110323","6614(양천공영차고지~부천남부생태공원)","9008216","극동아파트","00:00:00~00:59:59","00",0,9
"2014-09-28","11110376","242번(중랑공영차고지~개포시영아파트)","8001685","돈암시장","11:00:00~11:59:59","00",4,0
"2015-10-12","11110968","성동09(옥수역~극동아파트5동)","9009415","다리앞.일신건영아파트후문","19:00:00~19:59:59","00",2,1
"2014-05-05","11110965","6511번(구로동~서울대)","0007643","성미약수터","14:00:00~14:59:59","00",2,0
"2015-04-08","11110904","구로05(오류중학교~개봉역)","9013845","가산디지털단지역","15:00:00~15:59:59","00",1,0
"2014-02-12","11110660","351번(강동차고지~국립현충원)","0012161","7호선수락산역","09:00:00~09:59:59","00",14,1
"2015-07-18","11110803","6514번(양천공영차고지~서울대)","0011449","농심가슈퍼.건영아파트","21:00:00~21:59:59","30",8,2
"2015-02-06","11110657","강북05(번동초등학교~한일아파트)","0072048","중랑교","08:00:00~08:59:59","00",0,1
"2015-10-07","11110339","3214번(마천동~강변역)","9002759","서소문","17:00:00~17:59:59","30",1,0
"2015-02-07","11110408","마포11(신촌전철역~마포역)","0009187","논골.금호동벽산아파트","23:00:00~23:59:59","00",0,1
"2015-04-09","11110961","6627번(양천공영차고지~월촌중학교)","9007224","종로2가","18:00:00~18:59:59","30",0,0
"2015-03-06","11110956","1165번(화계사~미아삼거리역)","9001917","상록수아파트앞","14:00:00~14:59:59","30",12,2
"2014-09-05","11110902","121번(화계사~서울숲)","9009457","청솔아파트","07:00:00~07:59:59","00",1,4
"2014-02-07","11110408","6628번(외발산동~여의도)","9008369","봉국사","05:00:00~05:59:59","30",0,32
"2014-06-02","11110857","3317(마천동~잠실역)","0011500","신라놀이터","06:00:00~06:59:59","00",1,8
"2015-10-11","11110960","6516번(양천차고지~박미고개)","9012926","남서울중학교.성보중고등학교","16:00:00~16:59:59","30",1,2
"2014-02-21","11110509","강북09(미아사거리~수유역)","9012899","광진구청","15:00:00~15:59:59","00",5,3
"2014-05-08","11110692","1227번(하계동~제기동)","0079041","SBS공개홀","20:00:00~20:59:59","00",1,3
"2014-11-12","11110810","421번(염곡동~옥수동)","0076079","서울숲","17:00:00~17:59:59","30",4,6
"2014-12-24","11110805","6642(개화역~염창역)","9008710","KEB하나은행군자동지점","08:00:00~08:59:59","00",2,23
"2015-04-15","11110375","종로08(명륜3가~종로5가)","9007755","마포경찰서","15:00:00~15:59:59","30",3,1
"2015-01-29","11110288","2114(중랑공영차고지~석계역)","9006469","하모니마트","13:00:00~13:59:59","30",2,13
"2014-04-04","11110967","서초10(서초구민체육센터~강남역)","9005646","개롱역3번출구","14:00:00~14:59:59","30",1,5
"2014-07-05","11110607","광진02(긴고랑~군자역)","9010497","이대입구","08:00:00~08:59:59","30",5,0
"2015-09-09","11110673","705번(진관공영차고지~롯데영프라자)","9034553","대상APT","14:00:00~14:59:59","00",1,8
"2015-10-05","11110643","7722번(진관공영차고지~녹번역)","0031898","국민은행4번출구","05:00:00~05:59:59","30",0,0
"2015-07-12","11110414","6651(신풍역~신도림역)","0070761","창동중앙약국","20:00:00~20:59:59","00",1,1
"2015-06-20","11110304","3317(마천동~잠실역)","9000097","마들역","11:00:00~11:59:59","30",2,2
"2014-01-31","11110719","금천06(시흥1동공영주차장~구로디지털단지역)","9009030","약수터","12:00:00~12:59:59","00",3,2
"2015-02-08","11110503","502(월암공영차고지~한국은행신세계)","0072567","영희초등학교","20:00:00~20:59:59","30",2,2
"2014-08-07","11110962","금천06(시흥1동공영주차장~구로디지털단지역)","9011427","신도림역","21:00:00~21:59:59","30",2,44
"2015-03-27","11110998","서대문11(홍은동국민주택~독립문)","0071079","상계중앙시장입구","05:00:00~05:59:59","00",3,15
"2014-11-17","11110905","710번(상암차고지~수유역)","9009712","사슴목장","10:00:00~10:59:59","30",0,2
"2015-02-02","11110709","202번(불암동~후암동)","9002896","현대아파트","11:00:00~11:59:59","30",0,1
"2014-08-01","11110351","강서06(벽산아파트~수명산입구)","9105810","삼성부동산.천왕2지구","22:00:00~22:59:59","00",0,1
"2014-02-18","11110376","242번(중랑공영차고지~개포시영아파트)","0070585","석촌동남현교회앞","20:00:00~20:59:59","30",3,7
"2015-04-18","11110516","1122번(상진운수차고지~원자력병원)","9009600","경남1차.중앙하이츠아파트","06:00:00~06:59:59","00",0,2
"2014-10-03","11110984","3317(마천동~잠실역)","0009612","한양대앞.한양시장","17:00:00~17:59:59","30",5,10
"2015-03-26","11110631","352번(송파공영차고지~중앙대병원)","9011581","서울공업고등학교","08:00:00~08:59:59","00",2,1
"2015-07-16","11110721","2113(중랑공영차고지~석계역)","0075357","남부교회.온누리슈퍼","22:00:00~22:59:59","00",1,0
"2014-09-12","11110297","2113(중랑공영차고지~석계역)","9011959","웨딩타운","21:00:00~21:59:59","30",0,1
"2015-10-13","11110287","6627번(양천공영차고지~월촌중학교)","9008991","장위소방서","00:00:00~00:59:59","00",1,0
"2014-07-05","11110907","653(외발산동~가산디지털단지역)","9009402","동교동삼거리","13:00:00~13:59:59","30",2,1
"2014-11-06","11110885","6411번(구로동~개포동)","9112666","계령약국","18:00:00~18:59:59","30",5,1
"2015-10-21","11110984","506번(신림동~종로1가)","9004254","홍대입구역","13:00:00~13:59:59","00",1,3
"2014-12-20","11110294","320번(송파차고지~상봉터미널)","9011179","굴레방다리","19:00:00~19:59:59","30",39,3
"2015-04-19","11110798","광진01(광진정보도서관~워커힐아파트)","9012129","강동아트센터.강동경희대병원후문","05:00:00~05:59:59","00",10,3
"2014-06-19","11110957","N13번(송파공영차고지~상계동차고지)","0009692","시립도서관앞","22:00:00~22:59:59","30",3,0
"2014-04-06","11110308","마포02(청암대~공덕역)","9011184","마리오아울렛","14:00:00~14:59:59","30",1,1
"2014-11-08","11110672","2115번(중랑공영차고지~서경대)","9001139","소피아호텔","22:00:00~22:59:59","30",1,4
"2015-02-02","11110583","동작20(자이아파트~낙성대역)","0071060","관악산입구.관악문화관도서관","16:00:00~16:59:59","30",1,6
"2014-08-01","11110408","마포06(홍대입구역~남가좌동아이파크아파트)","9012623","구의역","09:00:00~09:59:59","00",1,6
"2015-03-07","11110539","서초22(남부터미널~국립국악원)","9006075","쌍용아파트","21:00:00~21:59:59","30",0,1
"2014-05-09","11110596","동작13(벽산블루밍아파트~대방역)","9010917","역삼럭키아파트.역삼월드메르디앙아파트","19:00:00~19:59:59","30",0,10
"2015-07-13","11110627","마포06(홍대입구역~남가좌동아이파크아파트)","8002663","경기여고","11:00:00~11:59:59","00",0,7
"2014-07-16","11110512","3318번(강동차고지~미사강변도시~마천동)","9007970","가양3동도시개발9단지아파트","17:00:00~17:59:59","00",2,4
"2014-07-08","11110329","7713번(홍연2교~홍연2교)","9036059","방학1동대상타운현대삼성아파트","19:00:00~19:59:59","00",0,1
"2014-09-18","11110351","서초18(선바위역~매헌초등학교)","0007862","함지박사거리","20:00:00~20:59:59","30",4,5
"2015-07-24","11110959","6714번(양천공영차고지~이대부고)","9013197","방일초교","19:00:00~19:59:59","30",1,1
"2014-06-02","11110960","마포08(서부운전면허시험장~신촌전철역)","9011785","중랑교","12:00:00~12:59:59","00",1,0
"2014-02-18","11110549","도봉06(한전병원~방학동벽산아파트)","9004155","신촌마을","16:00:00~16:59:59","30",0,6
"2014-09-28","11110686","320번(송파차고지~상봉터미널)","0010274","방글방글슈퍼","16:00:00~16:59:59","30",0,6
"2015-03-04","11110698","3322번(송파차고지~잠실종합운동장)","0011752","면목동금호어울림아파트","21:00:00~21:59:59","30",3,2
"2014-02-20","11110663","7019번(은평공영차고지~시청(서소문))","9002924","경동중고등학교입구","20:00:00~20:59:59","00",1,2
"2015-06-21","11110744","6628번(외발산동~여의도)","0011591","노원구청","23:00:00~23:59:59","30",2,0
"2015-10-17","11110346","5523번(보성운수기종점~서울대입구역)","0009049","대림초등학교","06:00:00~06:59:59","00",2,3
"2015-07-10","11110660","6628번(외발산동~여의도)","9008171","천호동공원","09:00:00~09:59:59","00",2,4
"2015-09-16","11110518","강남07(서울의료원~양재역)","9013684","면목지구대","19:00:00~19:59:59","30",2,2
"2014-06-05","11110340","1143번(수락리버시티~봉화산역)","9008975","석촌호수서호사거리","13:00:00~13:59:59","00",1,1
"2014-04-12","11110899","6620번(양천공용차고지~당산역)","9002156","압구정파출소","15:00:00~15:59:59","30",1,0
"2014-07-14","11110414","7720번(구산동~신촌)","9012359","천호역.풍납시장","21:00:00~21:59:59","00",2,17
"2014-06-06","11110290","종로09(옥인아파트~시청역)","9506074","서초동무지개아파트","23:00:00~23:59:59","30",7,9
"2014-10-14","11110860","서초11(예술의전당~반포동주홍길)","9011851","신내능마을","04:00:00~04:59:59","00",1,13
"2015-08-18","11110704","653(외발산동~가산디지털단지역)","0072435","도로교통공단앞","20:00:00~20:59:59","30",2,4
"2014-02-21","11110543","서초14(이수역~고속터미널)","9001940","쌍용아파트","19:00:00~19:59:59","00",4,10
"2015-04-17","11110703","6614(양천공영차고지~부천남부생태공원)","0070835","청기와네거리","19:00:00~19:59:59","30",0,4
"2015-09-13","11110418","2221번(자양동~신설동)","9008959","한서병원","10:00:00~10:59:59","00",2,2
"2014-10-17","11110522","도봉09(창동역~도봉산역)","9005741","동성교회","18:00:00~18:59:59","00",16,4
"2014-07-17","11111000","6712번(방화동~대흥사거리)","9009184","신한은행서교동금융센터점","05:00:00~05:59:59","30",0,9
"2015-10-15","11110807","2221번(자양동~신설동)","0072270","능산지하차도","14:00:00~14:59:59","00",6,1
"2015-03-16","11110942","서초21(한국소비자원~서초구민체육센터)","9012741","한양.현대아파트","16:00:00~16:59:59","00",2,0
"2015-02-26","11110337","성북20(고려대역~돈암시장)","9008872","자하문터널입구.석파정","11:00:00~11:59:59","30",5,1
"2015-06-05","11110901","202번(불암동~후암동)","9007990","한남시범아파트","13:00:00~13:59:59","30",1,1
"2015-04-06","11110717","종로08(명륜3가~종로5가)","9012692","구룡마을","21:00:00~21:59:59","30",0,38
"2015-01-18","11110413","6640B번(양천차고지~양천차고지)","0011435","명지대","15:00:00~15:59:59","30",4,0
"2015-01-20","11110684","노원02(수락리버시티아파트단지~노원구청)","0072404","유경약국","05:00:00~05:59:59","30",2,0
"2014-02-25","11110267","종로12(서울대병원~종로3가)","9008960","사당시장","09:00:00~09:59:59","00",1,0
"2014-04-30","11110294","서초13(이수역~동덕여고)","9009218","벽산디지털밸리2차","09:00:00~09:59:59","30",0,4
"2014-04-07","11110331","6411번(구로동~개포동)","9010425","시립개포도서관","20:00:00~20:59:59","00",2,7
"2015-04-12","11110908","6628번(외발산동~여의도)","9012186","동산교회앞","16:00:00~16:59:59","00",0,1
"2014-01-13","11110416","3318번(강동차고지~미사강변도시~마천동)","0010812","용강동주민센터","06:00:00~06:59:59","30",0,1
"2015-01-14","11110907","121번(화계사~서울숲)","0070330","콘티넨탈호텔","20:00:00~20:59:59","00",0,3
"2014-10-27","11110346","6640A번(양천차고지~양천차고지)","0071120","밤골터널","20:00:00~20:59:59","00",4,3
"2015-05-02","11110962","421번(염곡동~옥수동)","9010688","시흥3동주민센터앞","15:00:00~15:59:59","00",0,1
"2015-10-18","11110579","153번(우이동~당곡사거리)","0073155","예능교회","17:00:00~17:59:59","30",0,0
"2015-04-20","11110267","N16번(온수동차고지~도봉산공영차고지)","9011507","주공1","13:00:00~13:59:59","00",6,1
"2015-08-18","11110959","성북09(신안아파트~미아사거리역)","9008166","원자력병원","09:00:00~09:59:59","00",17,2
"2015-05-19","11110285","7022번(구산동~서울역)","9009741","서래마을입구","16:00:00~16:59:59","00",3,3
"2015-03-30","11110520","350번(송파공영차고지~노들역)","9010407","구기터널입구","16:00:00~16:59:59","30",0,1
"2015-02-25","11110975","은평05(백련산힐스테이트3차~녹번역)","9012425","서울체육중.고등학교","09:00:00~09:59:59","00",2,0
"2015-02-26","11110664","7612번(홍은동~영등포)","9000530","중랑교동부시장","08:00:00~08:59:59","30",0,0
"2015-04-04","11110942","7018번(북가좌동~광교)","9012239","아카시아마을.민방위교육장","20:00:00~20:59:59","00",8,10
"2015-05-19","11110354","성북01(구민회관~삼선2동사무소)","0075929","가양한강타운아파트","08:00:00~08:59:59","00",38,10
"2015-07-30","11110522","2221번(자양동~신설동)","8501434","세곡중학교.세명초등학교","08:00:00~08:59:59","30",3,0
"2015-04-16","11110521","3318번(강동차고지~미사강변도시~마천동)","8501629","한성고교","17:00:00~17:59:59","00",2,10
"2014-09-27","11110735","352번(송파공영차고지~중앙대병원)","9013832","서초아트자이아파트","16:00:00~16:59:59","30",1,2
"2015-02-11","11110535","6516번(양천차고지~박미고개)","9013121","국악고교사거리","20:00:00~20:59:59","30",23,7
"2015-02-07","11110306","241번(중랑차고지~논현역)","9030694","강서초등학교","20:00:00~20:59:59","00",1,1
"2014-07-25","11110889","광진04(중곡아파트~강변역)","9034335","현대아파트","21:00:00~21:59:59","00",0,5
"2015-03-24","11110890","금천11(산기슭공원~석수역)","9002380","종암경찰서","21:00:00~21:59:59","00",2,1
"2014-04-12","11110340","3318번(강동차고지~미사강변도시~마천동)","0072510","동양쇼핑","13:00:00~13:59:59","30",0,4
"2015-03-29","11110310","3318번(강동차고지~미사강변도시~마천동)","0079689","석관시장","23:00:00~23:59:59","30",5,1
"2015-06-17","11110641","2113(중랑공영차고지~석계역)","0008994","백제고분","16:00:00~16:59:59","00",1,13
"2015-05-22","11110686","7723번(기자촌~구파발역)","9001093","사회복지관앞","10:00:00~10:59:59","30",0,4
"2015-03-11","11110416","7018번(북가좌동~광교)","9009866","태릉고등학교.원묵초등학교","05:00:00~05:59:59","00",3,3
"2015-08-12","11110892","양천02(등촌역~오목교역)","9008179","양재전화국","22:00:00~22:59:59","30",2,1
"2014-05-26","11110330","421번(염곡동~옥수동)","0012127","신우초등학교","14:00:00~14:59:59","30",7,8
"2014-11-06","11110373","6629번(방화동~영등포)","8501028","대경정보산업고등학교","16:00:00~16:59:59","00",0,2
"2015-07-30","11110538","7019번(은평공영차고지~시청(서소문))","9111835","난향동주민센터","07:00:00~07:59:59","30",6,5
"2015-09-06","11110976","6716번(양천공영차고지~이대입구)","9011612","삼성래미안아파트앞","19:00:00~19:59:59","30",30,2
"2015-06-29","11110602","7613번(갈현동~여의도)","0009797","동북프라자","02:00:00~02:59:59","30",15,2
"2014-06-12","11110343","6511번(구로동~서울대)","9007669","화곡대림아파트","17:00:00~17:59:59","00",4,0
"2014-01-21","11110543","7739번(은평공영차고지~홍대입구역)","0007584","성심슈퍼","15:00:00~15:59:59","00",2,1
"2014-03-21","11110998","7212번(은평차고지~극동그린아파트앞)","9036967","한성슈퍼","12:00:00~12:59:59","30",11,2
"2015-07-09","11110415","2235(능말~신이문역)","9506077","창동서울탁주앞","07:00:00~07:59:59","00",3,7
"2015-01-25","11110975","6623번(양천공영차고지~여의도)","9000468","이마트.증미역","09:00:00~09:59:59","00",0,6
"2015-01-22","11110348","662번(외발산동~여의나루역)","9011945","화곡초교","12:00:00~12:59:59","00",0,7
"2015-07-16","11110684","서대문14(정원여중~홍제역)","8003087","독산고개입구","06:00:00~06:59:59","00",1,0
"2015-03-12","11110706","121번(화계사~서울숲)","9134662","구룡사","12:00:00~12:59:59","30",3,0
"2014-11-01","11110889","6628번(외발산동~여의도)","9002676","정랑고개.양천벤처타운","20:00:00~20:59:59","30",0,1
"2015-09-16","11110354","4319번(전원마을~잠실역)","9034336","한양여대앞","15:00:00~15:59:59","00",3,16
"2015-04-28","11110702","성북14(장월초등학교~석계역)","9009890","창동주공4단지","23:00:00~23:59:59","00",11,3
"2015-02-04","11110892","705번(진관공영차고지~롯데영프라자)","9032510","충무아트홀.스포츠센터.중부소방서","09:00:00~09:59:59","00",0,0
"2014-08-28","11110856","영등포03(당산현대아파트~영등포역)","9011491","서울북부지방검찰청.성우현대아파트","13:00:00~13:59:59","30",0,0
"2015-01-24","11110664","마포09(망원유수지~신촌전철역)","9007188","가양3동도시개발8단지아파트.가양역","18:00:00~18:59:59","30",4,4
"2015-08-03","11110414","마포10(신촌전철역~공덕역)","9012984","왕십리도선동주민센터","09:00:00~09:59:59","00",2,22
"2015-09-22","11110902","서대문11(홍은동국민주택~독립문)","9011312","방범초소","13:00:00~13:59:59","00",7,1
"2014-08-01","11110956","관악08(난향동공영차고지~신림역)","8002740","북부성모병원","18:00:00~18:59:59","30",0,5
"2015-04-22","11110983","710번(상암차고지~수유역)","0070565","수색대림아파트","12:00:00~12:59:59","30",1,6
"2014-12-16","11110669","성동05(응봉근린공원~약수역)","9001343","천왕역","07:00:00~07:59:59","00",0,3
"2015-05-20","11110515","N13번(송파공영차고지~상계동차고지)","8002544","월드컵경기장남측.월드컵공원","20:00:00~20:59:59","00",17,2
"2015-06-17","11110714","마포11(신촌전철역~마포역)","0011292","구로구청","22:00:00~22:59:59","30",2,11
"2015-06-20","11110582","도봉08(창동역~무수골)","0071603","유진상가","08:00:00~08:59:59","00",5,0
"2014-09-09","11110697","구로11(대림역~현대아이파크아파트)","9010975","디지털미디어시티역","14:00:00~14:59:59","00",7,3
"2014-05-17","11110516","중랑01(중화동동아약국~신이문역)","9001990","오류1동주민센터","14:00:00~14:59:59","00",1,11
"2014-09-08","11110704","7723번(기자촌~구파발역)","0009252","풍림.극동아파트","21:00:00~21:59:59","30",3,2
"2014-11-07","11110540","서초21(한국소비자원~서초구민체육센터)","0074029","신진자동차고등학교","09:00:00~09:59:59","30",29,3
"2014-01-12","11110965","서초05(정금마을~방배브라운가아파트)","9010522","신대방삼거리역","18:00:00~18:59:59","30",2,14
"2014-10-17","11110617","242번(중랑공영차고지~개포시영아파트)","9235840","경창빌딩","06:00:00~06:59:59","00",3,2
"2014-04-16","11110710","서초21(한국소비자원~서초구민체육센터)","0011929","신촌기차역","08:00:00~08:59:59","00",3,0
"2014-08-15","11110722","강북06(강북보건소~미아사거리역)","9000235","새솔초등학교","09:00:00~09:59:59","30",0,1
"2015-05-28","11110418","3011번(장지공영차고지~한남동)","9009592","문정로데오거리입구","14:00:00~14:59:59","30",5,1
"2014-11-05","11110321","노원09(근로복지아파트~삼창아파트)","9012795","롯데아파트","16:00:00~16:59:59","30",2,3
"2014-07-02","11110998","성북01(구민회관~삼선2동사무소)","9014261","강북청소년수련관","15:00:00~15:59:59","30",1,3
"2015-01-25","11110514","영등포05(당산역~구로세무서)","0012402","세곡2지구3.4단지","16:00:00~16:59:59","00",2,9
"2014-03-16","11110905","성동12(옥수역~약수지구대)","9014554","송중초교","19:00:00~19:59:59","30",4,1
"2015-10-30","11110710","240번(중랑공영차고지~신사역사거리)","8002616","24시편의점","06:00:00~06:59:59","30",0,2
"2015-06-30","11110948","705번(진관공영차고지~롯데영프라자)","9001967","마곡수명산파크5단지6단지","15:00:00~15:59:59","30",1,1
"2014-05-09","11110659","서초02(교대역~서울고등학교)","0014912","성화단지앞","11:00:00~11:59:59","00",3,8
"2015-07-28","11110324","506번(신림동~종로1가)","8002443","발산역5번출구","10:00:00~10:59:59","30",0,5
"2015-09-13","11110688","성동08(금호역~성동구도시관리공단)","9014053","보람사거리","14:00:00~14:59:59","30",0,1
"2014-10-04","11110959","서대문10(백련사~홍제전철역)","8001484","아현동주민센터","16:00:00~16:59:59","00",0,11
"2015-05-02","11110551","동대문01(회기역~경희대)","9036547","도봉세무서.성북시장","07:00:00~07:59:59","30",3,3
"2014-05-28","11110646","3214번(마천동~강변역)","9012666","경복고교","18:00:00~18:59:59","30",0,0
"2015-08-17","11110340","성북20(고려대역~돈암시장)","9001052","세곡초등학교","15:00:00~15:59:59","00",3,4
"2015-02-13","11110304","동작09(사당3동주민센터~사당역)","9012785","광명2동입구","18:00:00~18:59:59","00",18,2
"2014-05-03","11110350","6714번(양천공영차고지~이대부고)","0012166","공덕역10번출구","18:00:00~18:59:59","30",4,4
"2014-02-03","11110548","2016번(중랑차고지~효창동)","9000846","영등포역.꼬추말삼거리","13:00:00~13:59:59","00",4,3
"2014-06-21","11110376","7711번(덕은동~홍대입구)","9011600","난곡우체국사거리","17:00:00~17:59:59","00",7,6
"2014-10-26","11110659","동대문02(회기역~외대)","9011302","디지털3단지.(주)로옴코리아","22:00:00~22:59:59","00",13,10
"2015-07-04","11110719","241번(중랑차고지~논현역)","8000104","화인전자산업","17:00:00~17:59:59","00",1,5
"2015-09-07","11110529","3321번(강동차고지~강동구청)","9034060","중앙대병원","12:00:00~12:59:59","00",0,1
"2014-10-23","11110856","마포16(진선주택~홍대정문)","9000123","쌍문초등학교","19:00:00~19:59:59","00",0,0
"2015-02-05","11110509","7022번(구산동~서울역)","0010640","문화촌현대아파트","09:00:00~09:59:59","00",14,0
"2014-05-05","11110866","관악02(낙성대역~서울대신공학관)","9006464","경원중학교","15:00:00~15:59:59","30",6,0
"2014-09-09","11110547","3322번(송파차고지~잠실종합운동장)","8001944","답십리2동시온교회앞","12:00:00~12:59:59","00",4,1
"2015-04-06","11110308","7737번(수색은평공영차고지~파크빌아파트)","8002642","불광초등학교","14:00:00~14:59:59","30",0,1
"2014-06-01","11110953","6516번(양천차고지~박미고개)","9036936","지하철7호선중화역3번출구","23:00:00~23:59:59","30",5,6
"2014-01-18","11110845","0017번(청암동~이촌동)","9034806","청량리역환승센타","09:00:00~09:59:59","30",0,6
"2014-03-08","11110335","242번(중랑공영차고지~개포시영아파트)","0016457","덕은교.은평차고지앞","08:00:00~08:59:59","30",0,2
"2015-10-08","11110359","1127번(도봉동~도봉동)","0014449","정부과천청사","13:00:00~13:59:59","30",0,1
"2014-08-26","11110979","7720번(구산동~신촌)","0070063","세탁소","12:00:00~12:59:59","30",0,0
"2014-11-04","11110415","7738번(은평공영차고지~홍제역)","9000853","한전병원","06:00:00~06:59:59","00",12,0
"2015-05-19","11110982","동작02(사자암~노량진역)","9009299","새마을시장","12:00:00~12:59:59","00",9,0
"2014-04-10","11110520","금천11(산기슭공원~석수역)","9010038","봉영여중.목동고","22:00:00~22:59:59","00",0,1
